 0; 0
0.00390625;1.230050174e-009
0.0078125;7.072347667e-009
0.01171875;2.234473289e-008
0.015625;5.389519257e-008
0.01953125;1.097976634e-007
0.0234375;1.981318334e-007
0.02734375;3.29282285e-007
0.03125;5.162389604e-007
0.03515625;7.721328674e-007
0.0390625;1.110162682e-006
0.04296875;1.543961901e-006
0.046875;2.086324477e-006
0.05078125;2.752403796e-006
0.0546875;3.56203853e-006
0.05859375;4.535868507e-006
0.0625;5.695831129e-006
0.06640625;7.064613455e-006
0.0703125;8.662367249e-006
0.07421875;1.051012662e-005
0.078125;1.263024812e-005
0.08203125;1.504433378e-005
0.0859375;1.77748512e-005
0.08984375;2.084347678e-005
0.09375;2.426964173e-005
0.09765625;2.807602528e-005
0.1015625;3.229079828e-005
0.10546875;3.694448721e-005
0.109375;4.20721735e-005
0.11328125;4.770954909e-005
0.1171875;5.388797714e-005
0.12109375;6.064217525e-005
0.125;6.801037523e-005
0.12890625;7.602899116e-005
0.1328125;8.473465611e-005
0.13671875;9.41622155e-005
0.140625;0.0001043413064
0.14453125;0.0001153039906
0.1484375;0.0001270878598
0.15234375;0.0001397288819
0.15625;0.0001532629898
0.16015625;0.0001677269222
0.1640625;0.000183154239
0.16796875;0.0001995801598
0.171875;0.0002170433588
0.17578125;0.000235579846
0.1796875;0.0002552227993
0.18359375;0.0002760049456
0.1875;0.0002979563743
0.19140625;0.0003211105031
0.1953125;0.0003455094218
0.19921875;0.0003711974509
0.203125;0.0003982228059
0.20703125;0.0004266368555
0.2109375;0.0004564885265
0.21484375;0.0004878324437
0.21875;0.0005207308222
0.22265625;0.0005552429378
0.2265625;0.0005914241491
0.23046875;0.0006293282794
0.234375;0.0006690025319
0.23828125;0.0007104982206
0.2421875;0.0007538792627
0.24609375;0.0007992076415
0.25;0.0008465446034
0.25390625;0.0008959530563
0.2578125;0.0009474886252
0.26171875;0.001001208796
0.265625;0.001057176267
0.26953125;0.001115448502
0.2734375;0.001176078921
0.27734375;0.001239118466
0.28125;0.001304611078
0.28515625;0.00137260439
0.2890625;0.001443157018
0.29296875;0.001516328299
0.296875;0.00159218135
0.30078125;0.00167077934
0.3046875;0.001752175344
0.30859375;0.001836426034
0.3125;0.001923593408
0.31640625;0.002013735844
0.3203125;0.002106912979
0.32421875;0.002203182359
0.328125;0.002302594177
0.33203125;0.002405202782
0.3359375;0.002511070376
0.33984375;0.002620258438
0.34375;0.00273283089
0.34765625;0.002848850317
0.3515625;0.002968370032
0.35546875;0.003091443712
0.359375;0.003218125778
0.36328125;0.00334846769
0.3671875;0.003482523265
0.37109375;0.003620343497
0.375;0.003761973577
0.37890625;0.003907464617
0.3828125;0.004056876928
0.38671875;0.004210275225
0.390625;0.004367733732
0.39453125;0.004529328107
0.3984375;0.004695126825
0.40234375;0.004865206093
0.40625;0.005039650137
0.41015625;0.005218541219
0.4140625;0.005401963391
0.41796875;0.005589999432
0.421875;0.005782724664
0.42578125;0.005980222361
0.4296875;0.006182590855
0.43359375;0.006389929305
0.4375;0.006602341136
0.44140625;0.006819929087
0.4453125;0.007042781947
0.44921875;0.007270989232
0.453125;0.007504641908
0.45703125;0.007743825332
0.4609375;0.007988626928
0.46484375;0.008239127709
0.46875;0.008495396611
0.47265625;0.00875751136
0.4765625;0.009025565289
0.48046875;0.00929965673
0.484375;0.00957989754
0.48828125;0.009866397392
0.4921875;0.01015924589
0.49609375;0.01045854058
0.5;0.01076438692
0.50390625;0.01107688378
0.5078125;0.01139613438
0.51171875;0.01172223563
0.515625;0.01205526779
0.51953125;0.01239531913
0.5234375;0.0127424922
0.52734375;0.01309688639
0.53125;0.01345860474
0.53515625;0.01382774799
0.5390625;0.01420440014
0.54296875;0.01458864678
0.546875;0.01498057689
0.55078125;0.01538027188
0.5546875;0.01578781277
0.55859375;0.01620327525
0.5625;0.01662672344
0.56640625;0.01705822904
0.5703125;0.01749787893
0.57421875;0.01794576376
0.578125;0.01840198522
0.58203125;0.01886664616
0.5859375;0.01933983614
0.58984375;0.01982165445
0.59375;0.02031221171
0.59765625;0.02081161088
0.6015625;0.02131995105
0.60546875;0.02183732524
0.609375;0.02236380956
0.61328125;0.02289948775
0.6171875;0.02344446452
0.62109375;0.02399883961
0.625;0.02456271236
0.62890625;0.02513618441
0.6328125;0.02571934384
0.63671875;0.02631228345
0.640625;0.02691510688
0.64453125;0.02752790896
0.6484375;0.0281507779
0.65234375;0.0287837996
0.65625;0.02942704971
0.66015625;0.03008060956
0.6640625;0.03074457763
0.66796875;0.03141905289
0.671875;0.03210413863
0.67578125;0.03279994047
0.6796875;0.03350655275
0.68359375;0.0342240761
0.6875;0.03495262087
0.69140625;0.03569228979
0.6953125;0.03644318018
0.69921875;0.03720538422
0.703125;0.03797898014
0.70703125;0.03876404945
0.7109375;0.03956068714
0.71484375;0.04036898189
0.71875;0.04118901882
0.72265625;0.04202088527
0.7265625;0.04286466145
0.73046875;0.04372043106
0.734375;0.04458828722
0.73828125;0.04546831573
0.7421875;0.04636059293
0.74609375;0.04726519482
0.75;0.04818219182
0.75390625;0.0491116596
0.7578125;0.05005369164
0.76171875;0.0510083841
0.765625;0.05197583788
0.76953125;0.05295616104
0.7734375;0.05394945843
0.77734375;0.05495584551
0.78125;0.05597545338
0.78515625;0.05700840787
0.7890625;0.0580548265
0.79296875;0.05911482539
0.796875;0.06018850997
0.80078125;0.06127599394
0.8046875;0.06237741607
0.80859375;0.06349291283
0.8125;0.06462262015
0.81640625;0.0657666784
0.8203125;0.06692521553
0.82421875;0.06809836396
0.828125;0.06928626705
0.83203125;0.07048906013
0.8359375;0.07170687333
0.83984375;0.07293983376
0.84375;0.07418805716
0.84765625;0.07545166941
0.8515625;0.07673082061
0.85546875;0.07802566586
0.859375;0.07933637189
0.86328125;0.08066310846
0.8671875;0.08200602814
0.87109375;0.08336529463
0.875;0.08474108597
0.87890625;0.08613356967
0.8828125;0.08754290761
0.88671875;0.08896925304
0.890625;0.09041273652
0.89453125;0.09187349478
0.8984375;0.09335168567
0.90234375;0.09484745706
0.90625;0.09636095192
0.91015625;0.09789231551
0.9140625;0.09944167989
0.91796875;0.1010091817
0.921875;0.1025949711
0.92578125;0.1041991845
0.9296875;0.1058219422
0.93359375;0.1074633611
0.9375;0.1091235464
0.94140625;0.1108026117
0.9453125;0.112500701
0.94921875;0.1142179624
0.953125;0.1159545526
0.95703125;0.1177106382
0.9609375;0.1194863754
0.96484375;0.1212819377
0.96875;0.1230975237
0.97265625;0.1249333181
0.9765625;0.126789486
0.98046875;0.1286661841
0.984375;0.1305635424
0.98828125;0.1324817014
0.9921875;0.1344208445
0.99609375;0.1363811437
 1;0.1383627641
1.00390625;0.1403658706
1.0078125;0.1423905945
1.01171875;0.1444370666
1.015625;0.1465054292
1.01953125;0.1485957987
1.0234375;0.150708272
1.02734375;0.1528429283
1.03125;0.1549998119
1.03515625;0.1571789756
1.0390625;0.1593805078
1.04296875;0.1616044937
1.046875;0.1638510287
1.05078125;0.1661201992
1.0546875;0.168412041
1.05859375;0.170726596
1.0625;0.1730639182
1.06640625;0.1754240421
1.0703125;0.1778070077
1.07421875;0.180212841
1.078125;0.1826415345
1.08203125;0.1850930922
1.0859375;0.1875675392
1.08984375;0.1900648951
1.09375;0.1925851883
1.09765625;0.1951284297
1.1015625;0.1976945798
1.10546875;0.2002835893
1.109375;0.2028953961
1.11328125;0.2055299206
1.1171875;0.2081870963
1.12109375;0.2108668336
1.125;0.2135690087
1.12890625;0.2162935174
1.1328125;0.219040282
1.13671875;0.221809239
1.140625;0.2246003651
1.14453125;0.2274136307
1.1484375;0.2302489616
1.15234375;0.2331063092
1.15625;0.2359856473
1.16015625;0.2388869345
1.1640625;0.2418101376
1.16796875;0.2447552085
1.171875;0.2477220585
1.17578125;0.2507106267
1.1796875;0.2537209062
1.18359375;0.2567528874
1.1875;0.2598065755
1.19140625;0.2628819587
1.1953125;0.2659789484
1.19921875;0.2690974463
1.203125;0.272237343
1.20703125;0.2753984946
1.2109375;0.2785807636
1.21484375;0.2817839688
1.21875;0.2850078609
1.22265625;0.2882522215
1.2265625;0.2915168895
1.23046875;0.2948017177
1.234375;0.2981066151
1.23828125;0.3014314655
1.2421875;0.3047760437
1.24609375;0.3081401495
1.25;0.3115236046
1.25390625;0.3149262077
1.2578125;0.3183478036
1.26171875;0.321788217
1.265625;0.3252472127
1.26953125;0.3287246005
1.2734375;0.3322202423
1.27734375;0.3357340091
1.28125;0.3392658189
1.28515625;0.3428155658
1.2890625;0.3463830498
1.29296875;0.3499680707
1.296875;0.3535704135
1.30078125;0.357189851
1.3046875;0.3608262165
1.30859375;0.3644793145
1.3125;0.3681488992
1.31640625;0.3718347588
1.3203125;0.3755366973
1.32421875;0.3792545361
1.328125;0.3829881573
1.33203125;0.3867374196
1.3359375;0.3905021144
1.33984375;0.3942820518
1.34375;0.3980770435
1.34765625;0.4018868995
1.3515625;0.4057114829
1.35546875;0.4095506476
1.359375;0.4134042207
1.36328125;0.4172720588
1.3671875;0.4211540337
1.37109375;0.4250500288
1.375;0.4289599642
1.37890625;0.432883725
1.3828125;0.4368211171
1.38671875;0.440771924
1.390625;0.4447358812
1.39453125;0.4487127028
1.3984375;0.45270214
1.40234375;0.4567038897
1.40625;0.4607175811
1.41015625;0.4647428648
1.4140625;0.468779404
1.41796875;0.4728268711
1.421875;0.4768849944
1.42578125;0.4809534523
1.4296875;0.4850318069
1.43359375;0.4891196233
1.4375;0.4932164523
1.44140625;0.4973218397
1.4453125;0.5014354192
1.44921875;0.505556814
1.453125;0.50968562
1.45703125;0.5138214766
1.4609375;0.5179640283
1.46484375;0.5221129563
1.46875;0.5262680198
1.47265625;0.5304289224
1.4765625;0.5345952522
1.48046875;0.5387665685
1.484375;0.5429423516
1.48828125;0.5471220884
1.4921875;0.5513053914
1.49609375;0.5554918193
1.5;0.5596808705
1.50390625;0.5638720944
1.5078125;0.5680650315
1.51171875;0.5722592678
1.515625;0.5764545072
1.51953125;0.580650407
1.5234375;0.5848465239
1.52734375;0.5890424472
1.53125;0.5932377584
1.53515625;0.5974320493
1.5390625;0.6016250166
1.54296875;0.6058163448
1.546875;0.6100056843
1.55078125;0.6141927454
1.5546875;0.6183772673
1.55859375;0.622559023
1.5625;0.6267378631
1.56640625;0.6309135925
1.5703125;0.6350859009
1.57421875;0.639254458
1.578125;0.6434188714
1.58203125;0.6475787326
1.5859375;0.6517337178
1.58984375;0.6558834354
1.59375;0.6600274063
1.59765625;0.6641652135
1.6015625;0.6682964903
1.60546875;0.672420916
1.609375;0.6765382955
1.61328125;0.6806483855
1.6171875;0.6847507851
1.62109375;0.6888451382
1.625;0.692931106
1.62890625;0.6970083254
1.6328125;0.701076521
1.63671875;0.7051353793
1.640625;0.7091844935
1.64453125;0.7132235241
1.6484375;0.7172521967
1.65234375;0.7212702455
1.65625;0.7252774712
1.66015625;0.7292736392
1.6640625;0.7332583871
1.66796875;0.7372313545
1.671875;0.7411921644
1.67578125;0.7451404136
1.6796875;0.7490757633
1.68359375;0.7529978305
1.6875;0.7569061567
1.69140625;0.7608003436
1.6953125;0.7646800566
1.69921875;0.7685450002
1.703125;0.7723949825
1.70703125;0.7762297984
1.7109375;0.780049143
1.71484375;0.7838527698
1.71875;0.7876404786
1.72265625;0.7914120439
1.7265625;0.7951672743
1.73046875;0.798905949
1.734375;0.8026277627
1.73828125;0.8063324699
1.7421875;0.8100199257
1.74609375;0.8136899799
1.75;0.8173425157
1.75390625;0.8209773877
1.7578125;0.8245943112
1.76171875;0.828192991
1.765625;0.8317731186
1.76953125;0.8353343221
1.7734375;0.8388762377
1.77734375;0.8423984258
1.78125;0.8459003245
1.78515625;0.8493814168
1.7890625;0.8528412727
1.79296875;0.8562794727
1.796875;0.8596956765
1.80078125;0.8630894914
1.8046875;0.866460334
1.80859375;0.8698076468
1.8125;0.8731308923
1.81640625;0.8764294923
1.8203125;0.8797029486
1.82421875;0.882950727
1.828125;0.8861721988
1.83203125;0.8893667982
1.8359375;0.8925340169
1.83984375;0.8956733617
1.84375;0.8987844162
1.84765625;0.9018666965
1.8515625;0.9049195371
1.85546875;0.9079422428
1.859375;0.9109340487
1.86328125;0.9138941602
1.8671875;0.9168218946
1.87109375;0.9197164905
1.875;0.9225770778
1.87890625;0.9254028681
1.8828125;0.9281931351
1.88671875;0.9309472171
1.890625;0.9336646194
1.89453125;0.936344812
1.8984375;0.9389871102
1.90234375;0.9415909125
1.90625;0.9441556702
1.91015625;0.9466808127
1.9140625;0.9491658547
1.91796875;0.9516102767
1.921875;0.9540134523
1.92578125;0.9563748601
1.9296875;0.9586941228
1.93359375;0.9609708831
1.9375;0.9632048685
1.94140625;0.9653957501
1.9453125;0.9675429693
1.94921875;0.9696459433
1.953125;0.971704039
1.95703125;0.9737165447
1.9609375;0.9756828175
1.96484375;0.9776020878
1.96875;0.9794733927
1.97265625;0.9812958807
1.9765625;0.9830688641
1.98046875;0.9847917194
1.984375;0.9864640257
1.98828125;0.9880852878
1.9921875;0.9896546887
1.99609375;0.9911715001
 2;0.9926350607
2.00390625;0.9940446636
2.0078125;0.9953997809
2.01171875;0.9966998386
2.015625;0.9979441056
2.01953125;0.9991320069
2.0234375;1.000263128
2.02734375;1.001337109
2.03125;1.002353764
2.03515625;1.003312841
2.0390625;1.004213823
2.04296875;1.005056204
2.046875;1.005839437
2.05078125;1.006562966
2.0546875;1.007226454
2.05859375;1.007829493
2.0625;1.008371541
2.06640625;1.008852182
2.0703125;1.009271056
2.07421875;1.009627879
2.078125;1.009922582
2.08203125;1.010155036
2.0859375;1.010324927
2.08984375;1.010432018
2.09375;1.010476088
2.09765625;1.010456938
2.1015625;1.010374563
2.10546875;1.010228956
2.109375;1.01002005
2.11328125;1.009747895
2.1171875;1.009412599
2.12109375;1.009014332
2.125;1.008553408
2.12890625;1.008030055
2.1328125;1.007444295
2.13671875;1.006796107
2.140625;1.00608535
2.14453125;1.005311849
2.1484375;1.004475576
2.15234375;1.003576371
2.15625;1.002613902
2.16015625;1.00158793
2.1640625;1.000498273
2.16796875;0.9993448064
2.171875;0.998127603
2.17578125;0.9968466157
2.1796875;0.995501487
2.18359375;0.9940918988
2.1875;0.9926175166
2.19140625;0.9910780241
2.1953125;0.9894733958
2.19921875;0.9878036064
2.203125;0.9860685835
2.20703125;0.9842684131
2.2109375;0.9824032254
2.21484375;0.9804732899
2.21875;0.9784791392
2.22265625;0.976421175
2.2265625;0.9742994985
2.23046875;0.9721141613
2.234375;0.9698650182
2.23828125;0.9675519781
2.2421875;0.9651753528
2.24609375;0.9627353329
2.25;0.9602319705
2.25390625;0.9576654391
2.2578125;0.9550358119
2.26171875;0.9523432582
2.265625;0.9495882241
2.26953125;0.946770996
2.2734375;0.9438916057
2.27734375;0.9409501006
2.28125;0.9379464117
2.28515625;0.9348805316
2.2890625;0.9317527952
2.29296875;0.9285635202
2.296875;0.9253130092
2.30078125;0.9220016597
2.3046875;0.9186297542
2.30859375;0.9151976749
2.3125;0.9117060059
2.31640625;0.9081552029
2.3203125;0.9045455619
2.32421875;0.9008773193
2.328125;0.8971505076
2.33203125;0.8933651975
2.3359375;0.8895217061
2.33984375;0.8856202401
2.34375;0.8816609141
2.34765625;0.8776439033
2.3515625;0.8735692949
2.35546875;0.8694372371
2.359375;0.8652480566
2.36328125;0.8610019583
2.3671875;0.8566989615
2.37109375;0.8523390925
2.375;0.8479222985
2.37890625;0.8434485981
2.3828125;0.8389183019
2.38671875;0.8343317507
2.390625;0.8296893319
2.39453125;0.8249915537
2.3984375;0.8202388845
2.40234375;0.81543195
2.40625;0.8105716226
2.41015625;0.8056586853
2.4140625;0.8006937679
2.41796875;0.7956774766
2.421875;0.79061025
2.42578125;0.7854926405
2.4296875;0.780325584
2.43359375;0.7751099678
2.4375;0.7698466517
2.44140625;0.7645365579
2.4453125;0.7591804123
2.44921875;0.7537789978
2.453125;0.7483332582
2.45703125;0.7428439987
2.4609375;0.737311921
2.46484375;0.7317376675
2.46875;0.7261216921
2.47265625;0.7204645843
2.4765625;0.7147672901
2.48046875;0.7090308106
2.484375;0.7032562994
2.48828125;0.6974449383
2.4921875;0.6915976263
2.49609375;0.6857154093
2.5;0.6797995304
2.50390625;0.673851069
2.5078125;0.6678710293
2.51171875;0.6618602843
2.515625;0.6558193706
2.51953125;0.6497489121
2.5234375;0.6436498257
2.52734375;0.6375228875
2.53125;0.6313688123
2.53515625;0.6251883196
2.5390625;0.6189818929
2.54296875;0.6127500578
2.546875;0.6064934904
2.55078125;0.6002126663
2.5546875;0.5939078569
2.55859375;0.5875792587
2.5625;0.5812268657
2.56640625;0.5748507727
2.5703125;0.5684514439
2.57421875;0.5620293745
2.578125;0.5555851681
2.58203125;0.5491195129
2.5859375;0.5426329013
2.58984375;0.5361260209
2.59375;0.5295998496
2.59765625;0.5230551521
2.6015625;0.5164924404
2.60546875;0.5099120825
2.609375;0.5033140601
2.61328125;0.4966984679
2.6171875;0.4900659029
2.62109375;0.4834167914
2.625;0.4767514436
2.62890625;0.4700702828
2.6328125;0.4633735202
2.63671875;0.4566615066
2.640625;0.4499349426
2.64453125;0.4431943183
2.6484375;0.4364398485
2.65234375;0.4296717669
2.65625;0.4228901457
2.66015625;0.4160951402
2.6640625;0.4092873101
2.66796875;0.4024671864
2.671875;0.3956352838
2.67578125;0.3887922438
2.6796875;0.3819386004
2.68359375;0.3750750178
2.6875;0.3682024158
2.69140625;0.3613215117
2.6953125;0.35443272
2.69921875;0.3475363319
2.703125;0.340632319
2.70703125;0.3337206469
2.7109375;0.326801594
2.71484375;0.3198752065
2.71875;0.3129412973
2.72265625;0.3059998047
2.7265625;0.2990506511
2.73046875;0.2920938694
2.734375;0.2851298302
2.73828125;0.2781586942
2.7421875;0.2711801721
2.74609375;0.2641940307
2.75;0.2571999728
2.75390625;0.2501977502
2.7578125;0.2431875833
2.76171875;0.2361696895
2.765625;0.2291442314
2.76953125;0.222111619
2.7734375;0.2150723175
2.77734375;0.2080270188
2.78125;0.2009768304
2.78515625;0.193922698
2.7890625;0.1868651816
2.79296875;0.1798048123
2.796875;0.1727418781
2.80078125;0.1656767938
2.8046875;0.158610598
2.80859375;0.1515442128
2.8125;0.1444784272
2.81640625;0.1374141991
2.8203125;0.1303522937
2.82421875;0.1232936087
2.828125;0.1162394013
2.83203125;0.1091907225
2.8359375;0.1021483583
2.83984375;0.0951130881
2.84375;0.08808548673
2.84765625;0.08106631158
2.8515625;0.07405690132
2.85546875;0.06705866121
2.859375;0.06007314025
2.86328125;0.05310202037
2.8671875;0.04614670801
2.87109375;0.03920884349
2.875;0.0322904239
2.87890625;0.02539317631
2.8828125;0.01851854415
2.88671875;0.01166776955
2.890625;0.004841579115
2.89453125;-0.001959232107
2.8984375;-0.008733389172
2.90234375;-0.01547991595
2.90625;-0.02219807445
2.91015625;-0.02888702964
2.9140625;-0.03554615286
2.91796875;-0.0421747036
2.921875;-0.04877156455
2.92578125;-0.05533596795
2.9296875;-0.06186769946
2.93359375;-0.0683665866
2.9375;-0.07483270051
2.94140625;-0.08126596428
2.9453125;-0.08766555284
2.94921875;-0.09403058906
2.953125;-0.1003600989
2.95703125;-0.1066528297
2.9609375;-0.1129076986
2.96484375;-0.1191232274
2.96875;-0.1252973025
2.97265625;-0.1314281838
2.9765625;-0.1375147309
2.98046875;-0.1435560102
2.984375;-0.1495517359
2.98828125;-0.1555014104
2.9921875;-0.1614034908
2.99609375;-0.1672567433
 3;-0.1730601951
3.00390625;-0.1788126617
3.0078125;-0.1845134227
3.01171875;-0.1901615513
3.015625;-0.1957555079
3.01953125;-0.2012942192
3.0234375;-0.2067771806
3.02734375;-0.2122039587
3.03125;-0.2175745637
3.03515625;-0.2228888165
3.0390625;-0.2281456627
3.04296875;-0.2333440909
3.046875;-0.2384830367
3.05078125;-0.2435612903
3.0546875;-0.2485781397
3.05859375;-0.2535326204
3.0625;-0.2584232862
3.06640625;-0.2632490731
3.0703125;-0.2680092497
3.07421875;-0.2727033051
3.078125;-0.2773313615
3.08203125;-0.281893415
3.0859375;-0.2863888291
3.08984375;-0.2908172641
3.09375;-0.2951785686
3.09765625;-0.2994725222
3.1015625;-0.3036992977
3.10546875;-0.3078589586
3.109375;-0.3119511955
3.11328125;-0.3159760583
3.1171875;-0.3199340082
3.12109375;-0.3238255749
3.125;-0.3276516004
3.12890625;-0.3314127508
3.1328125;-0.3351090039
3.13671875;-0.3387402894
3.140625;-0.3423063882
3.14453125;-0.3458068674
3.1484375;-0.3492415368
3.15234375;-0.3526098456
3.15625;-0.3559106913
3.16015625;-0.3591432468
3.1640625;-0.3623070443
3.16796875;-0.3654017432
3.171875;-0.3684275088
3.17578125;-0.3713842445
3.1796875;-0.374270954
3.18359375;-0.3770868037
3.1875;-0.3798310409
3.19140625;-0.3825028369
3.1953125;-0.3851019608
3.19921875;-0.3876280989
3.203125;-0.3900806216
3.20703125;-0.3924593036
3.2109375;-0.3947641922
3.21484375;-0.3969955631
3.21875;-0.399154249
3.22265625;-0.4012407897
3.2265625;-0.4032549035
3.23046875;-0.4051962241
3.234375;-0.407064033
3.23828125;-0.408857625
3.2421875;-0.410577102
3.24609375;-0.4122222606
3.25;-0.4137924784
3.25390625;-0.4152874721
3.2578125;-0.4167069423
3.26171875;-0.4180508334
3.265625;-0.4193197854
3.26953125;-0.4205141402
3.2734375;-0.4216335787
3.27734375;-0.4226779413
3.28125;-0.4236469816
3.28515625;-0.4245405117
3.2890625;-0.4253590219
3.29296875;-0.4261029257
3.296875;-0.4267724427
3.30078125;-0.4273681052
3.3046875;-0.4278904854
3.30859375;-0.4283403408
3.3125;-0.4287188788
3.31640625;-0.4290270443
3.3203125;-0.4292652269
3.32421875;-0.4294337172
3.328125;-0.4295324514
3.33203125;-0.4295613322
3.3359375;-0.4295207545
3.33984375;-0.429410796
3.34375;-0.4292311515
3.34765625;-0.4289817704
3.3515625;-0.4286626911
3.35546875;-0.42827414
3.359375;-0.4278168932
3.36328125;-0.4272914615
3.3671875;-0.4266976769
3.37109375;-0.4260355133
3.375;-0.4253049241
3.37890625;-0.4245058759
3.3828125;-0.4236389302
3.38671875;-0.4227045886
3.390625;-0.4217031507
3.39453125;-0.4206352612
3.3984375;-0.4195017225
3.40234375;-0.4183035613
3.40625;-0.4170423003
3.41015625;-0.4157192621
3.4140625;-0.4143352179
3.41796875;-0.4128909228
3.421875;-0.4113868889
3.42578125;-0.4098237034
3.4296875;-0.4082026244
3.43359375;-0.4065247356
3.4375;-0.4047908796
3.44140625;-0.4030021365
3.4453125;-0.4011594911
3.44921875;-0.399264094
3.453125;-0.397317564
3.45703125;-0.3953212978
3.4609375;-0.3932762919
3.46484375;-0.3911836037
3.46875;-0.3890441493
3.47265625;-0.3868589604
3.4765625;-0.3846296368
3.48046875;-0.3823577787
3.484375;-0.3800449793
3.48828125;-0.3776930135
3.4921875;-0.3753035133
3.49609375;-0.3728782924
3.5;-0.3704195122
3.50390625;-0.3679290611
3.5078125;-0.3654084247
3.51171875;-0.3628589086
3.515625;-0.3602813653
3.51953125;-0.357676633
3.5234375;-0.3550459654
3.52734375;-0.3523902825
3.53125;-0.3497101736
3.53515625;-0.3470063368
3.5390625;-0.3442793516
3.54296875;-0.3415298805
3.546875;-0.3387589569
3.55078125;-0.3359672546
3.5546875;-0.3331547987
3.55859375;-0.3303215808
3.5625;-0.3274673816
3.56640625;-0.3245920292
3.5703125;-0.3216959921
3.57421875;-0.3187797034
3.578125;-0.3158435402
3.58203125;-0.3128881198
3.5859375;-0.3099139365
3.58984375;-0.306921763
3.59375;-0.3039128994
3.59765625;-0.3008882477
3.6015625;-0.2978480306
3.60546875;-0.2947922386
3.609375;-0.2917202472
3.61328125;-0.2886315176
3.6171875;-0.2855263707
3.62109375;-0.2824047613
3.625;-0.2792662857
3.62890625;-0.2761108351
3.6328125;-0.2729381371
3.63671875;-0.2697482088
3.640625;-0.2665418184
3.64453125;-0.2633193889
3.6484375;-0.260080696
3.65234375;-0.2568256806
3.65625;-0.253554159
3.66015625;-0.2502660113
3.6640625;-0.2469617998
3.66796875;-0.2436419828
3.671875;-0.2403068022
3.67578125;-0.2369568433
3.6796875;-0.2335927889
3.68359375;-0.2302155201
3.6875;-0.2268263965
3.69140625;-0.2234264119
3.6953125;-0.2200157697
3.69921875;-0.2165944695
3.703125;-0.2131620061
3.70703125;-0.2097177302
3.7109375;-0.2062615162
3.71484375;-0.2027927194
3.71875;-0.1993100617
3.72265625;-0.1958126085
3.7265625;-0.1922996663
3.73046875;-0.1887707854
3.734375;-0.185226287
3.73828125;-0.1816660865
3.7421875;-0.1780889731
3.74609375;-0.1744939481
3.75;-0.1708800302
3.75390625;-0.1672462092
3.7578125;-0.163592356
3.76171875;-0.159918241
3.765625;-0.1562232772
3.76953125;-0.1525074382
3.7734375;-0.1487710237
3.77734375;-0.145014689
3.78125;-0.1412398861
3.78515625;-0.1374477407
3.7890625;-0.1336384217
3.79296875;-0.1298120689
3.796875;-0.1259684367
3.80078125;-0.1221073944
3.8046875;-0.1182299371
3.80859375;-0.1143367718
3.8125;-0.1104281923
3.81640625;-0.1065048972
3.8203125;-0.1025674355
3.82421875;-0.09861663541
3.828125;-0.09465411623
3.83203125;-0.09068112955
3.8359375;-0.08669825508
3.83984375;-0.0827061791
3.84375;-0.07870535626
3.84765625;-0.07469647203
3.8515625;-0.07068123024
3.85546875;-0.06666137738
3.859375;-0.06263870472
3.86328125;-0.05861534237
3.8671875;-0.05459317599
3.87109375;-0.05057445621
3.875;-0.0465620842
3.87890625;-0.04255847605
3.8828125;-0.03856532599
3.88671875;-0.03458399899
3.890625;-0.0306150223
3.89453125;-0.02665892368
3.8984375;-0.02271703364
3.90234375;-0.01879007681
3.90625;-0.01487818066
3.91015625;-0.01098172091
3.9140625;-0.007100906333
3.91796875;-0.003236152974
3.921875;0.0006113638731
3.92578125;0.004441109542
3.9296875;0.008253760837
3.93359375;0.01205000083
3.9375;0.01583085278
3.94140625;0.0195971646
3.9453125;0.02334843535
3.94921875;0.02708413428
3.953125;0.03080373183
3.95703125;0.03450612876
3.9609375;0.03819037671
3.96484375;0.04185485794
3.96875;0.0454967914
3.97265625;0.0491140868
3.9765625;0.05270590295
3.98046875;0.05627175495
3.984375;0.05981228201
3.98828125;0.06332781712
3.9921875;0.066816817
3.99609375;0.07027834009
 4;0.07371202237
4.00390625;0.07711701947
4.0078125;0.08049313073
4.01171875;0.08383971679
4.015625;0.08715488789
4.01953125;0.09043754886
4.0234375;0.09368774143
4.02734375;0.09690548956
4.03125;0.1000914462
4.03515625;0.1032459706
4.0390625;0.1063678512
4.04296875;0.1094559753
4.046875;0.1125092754
4.05078125;0.115526279
4.0546875;0.1185061065
4.05859375;0.1214474169
4.0625;0.1243479413
4.06640625;0.1272060825
4.0703125;0.1300210668
4.07421875;0.1327924795
4.078125;0.1355209711
4.08203125;0.1382070601
4.0859375;0.14085011
4.08984375;0.1434501012
4.09375;0.1460075428
4.09765625;0.1485226514
4.1015625;0.1509960363
4.10546875;0.15342801
4.109375;0.155817977
4.11328125;0.1581659859
4.1171875;0.1604731368
4.12109375;0.1627404856
4.125;0.1649694701
4.12890625;0.1671613385
4.1328125;0.169316081
4.13671875;0.1714337181
4.140625;0.1735143188
4.14453125;0.1755574348
4.1484375;0.177562758
4.15234375;0.1795294244
4.15625;0.1814555646
4.16015625;0.1833397986
4.1640625;0.185181632
4.16796875;0.1869807361
4.171875;0.1887375475
4.17578125;0.1904521893
4.1796875;0.1921232792
4.18359375;0.1937497866
4.1875;0.1953310075
4.19140625;0.1968659438
4.1953125;0.1983542742
4.19921875;0.1997954376
4.203125;0.2011881089
4.20703125;0.2025315801
4.2109375;0.203825816
4.21484375;0.2050709396
4.21875;0.2062677448
4.22265625;0.207416659
4.2265625;0.2085168009
4.23046875;0.209567236
4.234375;0.2105667444
4.23828125;0.2115139453
4.2421875;0.2124083434
4.24609375;0.2132490004
4.25;0.2140342599
4.25390625;0.2147630189
4.2578125;0.2154345092
4.26171875;0.2160483234
4.265625;0.2166050766
4.26953125;0.2171051017
4.2734375;0.2175477306
4.27734375;0.2179327066
4.28125;0.2182599513
4.28515625;0.218529334
4.2890625;0.2187414597
4.29296875;0.2188967766
4.296875;0.2189952242
4.30078125;0.2190373112
4.3046875;0.2190240814
4.30859375;0.2189567575
4.3125;0.2188371405
4.31640625;0.2186667417
4.3203125;0.2184460477
4.32421875;0.2181754818
4.328125;0.217855186
4.33203125;0.217485074
4.3359375;0.2170655981
4.33984375;0.2165967001
4.34375;0.2160775556
4.34765625;0.2155078581
4.3515625;0.2148878738
4.35546875;0.2142181924
4.359375;0.2135003458
4.36328125;0.2127355429
4.3671875;0.2119237156
4.37109375;0.2110651781
4.375;0.2101604723
4.37890625;0.209209938
4.3828125;0.2082146023
4.38671875;0.207175231
4.390625;0.2060918688
4.39453125;0.2049651308
4.3984375;0.2037962289
4.40234375;0.2025864782
4.40625;0.2013377644
4.41015625;0.2000517219
4.4140625;0.198728956
4.41796875;0.1973701167
4.421875;0.1959757485
4.42578125;0.19454623
4.4296875;0.1930825416
4.43359375;0.1915853458
4.4375;0.1900547291
4.44140625;0.1884912402
4.4453125;0.1868958282
4.44921875;0.1852697196
4.453125;0.1836149192
4.45703125;0.1819332805
4.4609375;0.1802258909
4.46484375;0.1784942114
4.46875;0.1767399452
4.47265625;0.1749646744
4.4765625;0.1731703895
4.48046875;0.1713589072
4.484375;0.1695315265
4.48828125;0.1676899684
4.4921875;0.1658365003
4.49609375;0.1639734187
4.5;0.1621033425
4.50390625;0.16022867
4.5078125;0.1583509169
4.51171875;0.1564715287
4.515625;0.1545917944
4.51953125;0.1527126724
4.5234375;0.1508353155
4.52734375;0.148960404
4.53125;0.1470878841
4.53515625;0.1452179997
4.5390625;0.1433514519
4.54296875;0.1414890394
4.546875;0.1396321104
4.55078125;0.137781665
4.5546875;0.1359375415
4.55859375;0.1340997359
4.5625;0.1322683245
4.56640625;0.1304431858
4.5703125;0.128624789
4.57421875;0.1268134061
4.578125;0.1250087919
4.58203125;0.1232111073
4.5859375;0.1214208197
4.58984375;0.1196385424
4.59375;0.117865427
4.59765625;0.1161022027
4.6015625;0.1143485081
4.60546875;0.1126038013
4.609375;0.1108670769
4.61328125;0.1091371998
4.6171875;0.1074138139
4.62109375;0.1056960918
4.625;0.1039825712
4.62890625;0.1022722621
4.6328125;0.1005644247
4.63671875;0.09885868784
4.640625;0.09715566546
4.64453125;0.09545569589
4.6484375;0.09375819005
4.65234375;0.09206297669
4.65625;0.09037007918
4.66015625;0.08867942859
4.6640625;0.08699155571
4.66796875;0.08530679405
4.671875;0.08362491291
4.67578125;0.0819462479
4.6796875;0.08027178988
4.68359375;0.07860266615
4.6875;0.07694052329
4.69140625;0.07528664148
4.6953125;0.07364104372
4.69921875;0.07200358689
4.703125;0.07037375394
4.70703125;0.06875063512
4.7109375;0.06713377606
4.71484375;0.06552200982
4.71875;0.06391313032
4.72265625;0.0623055053
4.7265625;0.06069826437
4.73046875;0.05909087196
4.734375;0.05748388415
4.73828125;0.05587740049
4.7421875;0.05426978449
4.74609375;0.05265982978
4.75;0.05104660487
4.75390625;0.04942893584
4.7578125;0.04780662795
4.76171875;0.04617921483
4.765625;0.04454539346
4.76953125;0.0429046576
4.7734375;0.04125726533
4.77734375;0.03960375253
4.78125;0.0379455694
4.78515625;0.03628377514
4.7890625;0.03461796808
4.79296875;0.03294776509
4.796875;0.03127249283
4.80078125;0.02959139569
4.8046875;0.02790489055
4.80859375;0.02621296289
4.8125;0.02451486185
4.81640625;0.02281044494
4.8203125;0.02109978331
4.82421875;0.0193833176
4.828125;0.017662573
4.83203125;0.0159387094
4.8359375;0.01421184515
4.83984375;0.01248243142
4.84375;0.01075093606
4.84765625;0.0090178963
4.8515625;0.007284859682
4.85546875;0.00555328679
4.859375;0.003824304825
4.86328125;0.002099580363
4.8671875;0.0003809913063
4.87109375;-0.001329299852
4.875;-0.003028434031
4.87890625;-0.004714048211
4.8828125;-0.006384908751
4.88671875;-0.008040059634
4.890625;-0.009679246977
4.89453125;-0.01130243432
4.8984375;-0.01290885566
4.90234375;-0.01449849468
4.90625;-0.01607225887
4.91015625;-0.01763065667
4.9140625;-0.01917399018
4.91796875;-0.02070232828
4.921875;-0.02221479461
4.92578125;-0.02371119583
4.9296875;-0.02519299007
4.93359375;-0.02666151007
4.9375;-0.0281182577
4.94140625;-0.02956471014
4.9453125;-0.03100092335
4.94921875;-0.03242703001
4.953125;-0.03384347532
4.95703125;-0.03524997671
4.9609375;-0.03664612138
4.96484375;-0.03803086459
4.96875;-0.03940190055
4.97265625;-0.04075767402
4.9765625;-0.04209823823
4.98046875;-0.04342398477
4.984375;-0.04473639863
4.98828125;-0.04603677359
4.9921875;-0.04732443981
4.99609375;-0.04859943263
 5;-0.04986258117
5.00390625;-0.05111407027
5.0078125;-0.05235448435
5.01171875;-0.05358387295
5.015625;-0.05480077745
5.01953125;-0.05600452889
5.0234375;-0.05719584831
5.02734375;-0.05837525251
5.03125;-0.05954370103
5.03515625;-0.06070192758
5.0390625;-0.06184902409
5.04296875;-0.062984233
5.046875;-0.06410705995
5.05078125;-0.06521640827
5.0546875;-0.06631141964
5.05859375;-0.067390763
5.0625;-0.06845206527
5.06640625;-0.06949364819
5.0703125;-0.0705150027
5.07421875;-0.07151595274
5.078125;-0.07249734614
5.08203125;-0.07346002949
5.0859375;-0.07440363268
5.08984375;-0.07532854558
5.09375;-0.07623596525
5.09765625;-0.07712659032
5.1015625;-0.07800115772
5.10546875;-0.07885999349
5.109375;-0.07970220339
5.11328125;-0.08052758091
5.1171875;-0.08133741487
5.12109375;-0.08213276335
5.125;-0.08291488107
5.12890625;-0.08368497795
5.1328125;-0.08444290894
5.13671875;-0.08518869763
5.140625;-0.08592278714
5.14453125;-0.08664491973
5.1484375;-0.08735464787
5.15234375;-0.0880510375
5.15625;-0.08873206866
5.16015625;-0.08939624413
5.1640625;-0.09004330322
5.16796875;-0.09067309642
5.171875;-0.09128613763
5.17578125;-0.09188278742
5.1796875;-0.09246191809
5.18359375;-0.09302285159
5.1875;-0.09356547379
5.19140625;-0.09408919224
5.1953125;-0.09459371946
5.19921875;-0.09507842722
5.203125;-0.09554166765
5.20703125;-0.09598235036
5.2109375;-0.09640032197
5.21484375;-0.09679534145
5.21875;-0.09716754708
5.22265625;-0.09751686519
5.2265625;-0.09784199814
5.23046875;-0.0981417069
5.234375;-0.09841482496
5.23828125;-0.09865982699
5.2421875;-0.09887555524
5.24609375;-0.09906049844
5.25;-0.09921241831
5.25390625;-0.09932960946
5.2578125;-0.09941109611
5.26171875;-0.09945620227
5.265625;-0.09946509787
5.26953125;-0.09943791213
5.2734375;-0.09937390431
5.27734375;-0.0992728898
5.28125;-0.09913520708
5.28515625;-0.09896098378
5.2890625;-0.09875064492
5.29296875;-0.09850443468
5.296875;-0.098221906
5.30078125;-0.09790321542
5.3046875;-0.09754953487
5.30859375;-0.09716207212
5.3125;-0.09674241231
5.31640625;-0.09629202429
5.3203125;-0.09581128941
5.32421875;-0.09530064243
5.328125;-0.09476058418
5.33203125;-0.09419121685
5.3359375;-0.09359286438
5.33984375;-0.09296538711
5.34375;-0.09230778017
5.34765625;-0.09161963398
5.3515625;-0.09090153261
5.35546875;-0.09015438007
5.359375;-0.08938000544
5.36328125;-0.08858005811
5.3671875;-0.08775481958
5.37109375;-0.08690509018
5.375;-0.08603216348
5.37890625;-0.08513692164
5.3828125;-0.08422060993
5.38671875;-0.08328407531
5.390625;-0.08232710098
5.39453125;-0.08135002422
5.3984375;-0.08035409903
5.40234375;-0.07934042324
5.40625;-0.07831040138
5.41015625;-0.07726528614
5.4140625;-0.07620523865
5.41796875;-0.07513054171
5.421875;-0.07404168101
5.42578125;-0.07293870789
5.4296875;-0.07182176245
5.43359375;-0.07069066222
5.4375;-0.06954451054
5.44140625;-0.06838292425
5.4453125;-0.06720645032
5.44921875;-0.06601590621
5.453125;-0.06481285747
5.45703125;-0.06359894155
5.4609375;-0.06237497267
5.46484375;-0.06114238823
5.46875;-0.05990332125
5.47265625;-0.05865949768
5.4765625;-0.05741253154
5.48046875;-0.05616371463
5.484375;-0.05491337061
5.48828125;-0.05366234802
5.4921875;-0.05241277092
5.49609375;-0.05116653977
5.5;-0.04992562805
5.50390625;-0.04869201241
5.5078125;-0.04746660184
5.51171875;-0.04625044485
5.515625;-0.04504498751
5.51953125;-0.04385106051
5.5234375;-0.04266921891
5.52734375;-0.04149962125
5.53125;-0.04034152377
5.53515625;-0.03919458364
5.5390625;-0.03805952308
5.54296875;-0.03693712077
5.546875;-0.03582863702
5.55078125;-0.03473521291
5.5546875;-0.03365674605
5.55859375;-0.03259348448
5.5625;-0.03154615205
5.56640625;-0.03051502234
5.5703125;-0.02950052971
5.57421875;-0.0285027878
5.578125;-0.02752100816
5.58203125;-0.02655481721
5.5859375;-0.02560461531
5.58984375;-0.02467066373
5.59375;-0.02375345972
5.59765625;-0.02285328952
5.6015625;-0.02196936907
5.60546875;-0.02110091378
5.609375;-0.02024717227
5.61328125;-0.01940701522
5.6171875;-0.01857951445
5.62109375;-0.0177633864
5.625;-0.0169566677
5.62890625;-0.01615786257
5.6328125;-0.01536621024
5.63671875;-0.01458122926
5.640625;-0.01380320908
5.64453125;-0.01303243304
5.6484375;-0.01226837477
5.65234375;-0.01151107162
5.65625;-0.01076113228
5.66015625;-0.01001889139
5.6640625;-0.009284808962
5.66796875;-0.008559122323
5.671875;-0.007841304581
5.67578125;-0.007131409779
5.6796875;-0.006430624486
5.68359375;-0.00574010044
5.6875;-0.005061272337
5.69140625;-0.004395418496
5.6953125;-0.003742569779
5.69921875;-0.003102741543
5.703125;-0.002475987893
5.70703125;-0.001861815858
5.7109375;-0.001259821623
5.71484375;-0.000669000176
5.71875;-8.728143557e-005
5.72265625;0.0004868058241
5.7265625;0.001053608733
5.73046875;0.001613190205
5.734375;0.002164652843
5.73828125;0.002707373586
5.7421875;0.003242407676
5.74609375;0.003770291798
5.75;0.00429105097
5.75390625;0.004805128896
5.7578125;0.005312378787
5.76171875;0.005813018777
5.765625;0.006308341178
5.76953125;0.00679892316
5.7734375;0.007284342142
5.77734375;0.007764154221
5.78125;0.008237317659
5.78515625;0.008703057642
5.7890625;0.009162000186
5.79296875;0.009614686933
5.796875;0.01006164844
5.80078125;0.01050373118
5.8046875;0.01094116204
5.80859375;0.01137456728
5.8125;0.01180537403
5.81640625;0.0122344291
5.8203125;0.01266195453
5.82421875;0.0130878678
5.828125;0.01351115692
5.83203125;0.01393097191
5.8359375;0.01434747121
5.83984375;0.01476033119
5.84375;0.01516886206
5.84765625;0.01557256311
5.8515625;0.01597046161
5.85546875;0.01636180098
5.859375;0.01674650793
5.86328125;0.01712396503
5.8671875;0.01749280575
5.87109375;0.01785163504
5.875;0.01819865649
5.87890625;0.01853232398
5.8828125;0.01885220522
5.88671875;0.019157928
5.890625;0.01944926646
5.89453125;0.01972640377
5.8984375;0.01998927253
5.90234375;0.02023836838
5.90625;0.02047509142
5.91015625;0.02070043335
5.9140625;0.02091475551
5.91796875;0.02111826652
5.921875;0.02131045203
5.92578125;0.0214911864
5.9296875;0.02166176418
5.93359375;0.02182323129
5.9375;0.02197647219
5.94140625;0.02212256514
5.9453125;0.02226178606
5.94921875;0.02239459108
5.953125;0.02252201774
5.95703125;0.02264452094
5.9609375;0.02276209423
5.96484375;0.02287446695
5.96875;0.02298060671
5.97265625;0.02307992995
5.9765625;0.02317314254
5.98046875;0.02326108853
5.984375;0.02334510458
5.98828125;0.02342658835
5.9921875;0.02350584193
5.99609375;0.02358365492
 6;0.0236615052
6.00390625;0.02374034239
6.0078125;0.0238210086
6.01171875;0.02390396959
6.015625;0.02398862003
6.01953125;0.02407475588
6.0234375;0.02416320732
6.02734375;0.02425448205
6.03125;0.02434909049
6.03515625;0.02444752355
6.0390625;0.02454935781
6.04296875;0.02465431912
6.046875;0.02476254612
6.05078125;0.02487364317
6.0546875;0.02498692086
6.05859375;0.02510144964
6.0625;0.02521564461
6.06640625;0.02532830613
6.0703125;0.0254392428
6.07421875;0.02554840375
6.078125;0.0256562074
6.08203125;0.02576323465
6.0859375;0.02586938963
6.08984375;0.02597513234
6.09375;0.02608166408
6.09765625;0.02618970763
6.1015625;0.02629960739
6.10546875;0.02641138317
6.109375;0.02652409513
6.11328125;0.02663721051
6.1171875;0.02675147129
6.12109375;0.02686730181
6.125;0.0269850258
6.12890625;0.02710510699
6.1328125;0.02722720005
6.13671875;0.02735119659
6.140625;0.02747761085
6.14453125;0.02760639248
6.1484375;0.02773703409
6.15234375;0.0278688474
6.15625;0.02800048612
6.16015625;0.02813091928
6.1640625;0.02826015332
6.16796875;0.02838819988
6.171875;0.02851531605
6.17578125;0.02864185038
6.1796875;0.0287673769
6.18359375;0.02889181494
6.1875;0.02901563907
6.19140625;0.02913888606
6.1953125;0.02926138201
6.19921875;0.02938267863
6.203125;0.02950153173
6.20703125;0.02961694407
6.2109375;0.02972869964
6.21484375;0.02983629704
6.21875;0.02993915299
6.22265625;0.03003673242
6.2265625;0.03012793061
6.23046875;0.0302117921
6.234375;0.03028776569
6.23828125;0.03035491681
6.2421875;0.03041200119
6.24609375;0.03045768066
6.25;0.03049022309
6.25390625;0.0305081592
6.2578125;0.03051079299
6.26171875;0.03049752316
6.265625;0.03046801735
6.26953125;0.03042215677
6.2734375;0.03035949005
6.27734375;0.0302799948
6.28125;0.03018425548
6.28515625;0.03007259341
6.2890625;0.0299450656
6.29296875;0.0298016132
6.296875;0.0296416416
6.30078125;0.02946490215
6.3046875;0.02927213233
6.30859375;0.02906394943
6.3125;0.02884097366
6.31640625;0.0286039346
6.3203125;0.0283529459
6.32421875;0.02808826547
6.328125;0.02781052468
6.33203125;0.02751998892
6.3359375;0.02721673325
6.33984375;0.02690064542
6.34375;0.02657107885
6.34765625;0.02622776408
6.3515625;0.02587134057
6.35546875;0.02550260485
6.359375;0.02512280431
6.36328125;0.0247332339
6.3671875;0.02433441086
6.37109375;0.02392724571
6.375;0.02351315352
6.37890625;0.02309315348
6.3828125;0.02266815849
6.38671875;0.02223876386
6.390625;0.02180472021
6.39453125;0.02136605366
6.3984375;0.02092355918
6.40234375;0.02047772676
6.40625;0.02002897319
6.41015625;0.01957773523
6.4140625;0.01912383894
6.41796875;0.01866724898
6.421875;0.01820831854
6.42578125;0.01774694687
6.4296875;0.01728263146
6.43359375;0.01681470979
6.4375;0.01634203785
6.44140625;0.01586378342
6.4453125;0.01538005919
6.44921875;0.01489111178
6.453125;0.0143975434
6.45703125;0.01390019399
6.4609375;0.01339944027
6.46484375;0.01289619777
6.46875;0.01239213681
6.47265625;0.01188847802
6.4765625;0.01138593892
6.48046875;0.01088495163
6.484375;0.01038507277
6.48828125;0.009886220303
6.4921875;0.009389598439
6.49609375;0.008896084881
6.5;0.008406384141
6.50390625;0.007921385185
6.5078125;0.007441251059
6.51171875;0.006966383011
6.515625;0.006497842134
6.51953125;0.006036119661
6.5234375;0.005581166368
6.52734375;0.00513277183
6.53125;0.004690092007
6.53515625;0.00425257997
6.5390625;0.003820760422
6.54296875;0.003395151576
6.546875;0.002976475063
6.55078125;0.002565563258
6.5546875;0.002162488041
6.55859375;0.001767660692
6.5625;0.001382064322
6.56640625;0.001006232825
6.5703125;0.0006404552255
6.57421875;0.0002847471179
6.578125;-6.167535639e-005
6.58203125;-0.0003993593308
6.5859375;-0.0007280610043
6.58984375;-0.001047832593
6.59375;-0.001358826306
6.59765625;-0.001661157787
6.6015625;-0.00195553864
6.60546875;-0.002242551
6.609375;-0.002522389956
6.61328125;-0.002795655474
6.6171875;-0.003063271575
6.62109375;-0.003326281912
6.625;-0.003586155152
6.62890625;-0.003844093699
6.6328125;-0.004100507901
6.63671875;-0.004355710939
6.640625;-0.004609728323
6.64453125;-0.00486238457
6.6484375;-0.005113883555
6.65234375;-0.005363988875
6.65625;-0.005611844762
6.66015625;-0.00585689248
6.6640625;-0.006098861602
6.66796875;-0.006337630848
6.671875;-0.006573676184
6.67578125;-0.006807121813
6.6796875;-0.007037064481
6.68359375;-0.007262749973
6.6875;-0.007483437236
6.69140625;-0.007698322548
6.6953125;-0.007907336036
6.69921875;-0.008110309076
6.703125;-0.008306746228
6.70703125;-0.008496594981
6.7109375;-0.008680027113
6.71484375;-0.008857492893
6.71875;-0.009030098881
6.72265625;-0.009198578021
6.7265625;-0.009362723346
6.73046875;-0.009522197241
6.734375;-0.009676188305
6.73828125;-0.009823915949
6.7421875;-0.009965562928
6.74609375;-0.01010093863
6.75;-0.01022937253
6.75390625;-0.01035056651
6.7578125;-0.0104641404
6.76171875;-0.0105699907
6.765625;-0.01066881662
6.76953125;-0.01076094096
6.7734375;-0.0108459154
6.77734375;-0.01092345013
6.78125;-0.01099311065
6.78515625;-0.01105453227
6.7890625;-0.01110814818
6.79296875;-0.01115429175
6.796875;-0.01119307798
6.80078125;-0.01122496585
6.8046875;-0.01125041221
6.80859375;-0.01127008603
6.8125;-0.01128517594
6.81640625;-0.01129653951
6.8203125;-0.01130438141
6.82421875;-0.01130876658
6.828125;-0.01130930792
6.83203125;-0.01130557556
6.8359375;-0.01129771643
6.83984375;-0.01128548823
6.84375;-0.01126819422
6.84765625;-0.01124541682
6.8515625;-0.01121680734
6.85546875;-0.01118222512
6.859375;-0.0111421616
6.86328125;-0.01109677625
6.8671875;-0.01104542376
6.87109375;-0.01098760494
6.875;-0.01092277027
6.87890625;-0.01085036147
6.8828125;-0.01077048385
6.88671875;-0.01068314074
6.890625;-0.01058806702
6.89453125;-0.0104853697
6.8984375;-0.01037531419
6.90234375;-0.01025838921
6.90625;-0.01013562182
6.91015625;-0.01000778448
6.9140625;-0.009874990653
6.91796875;-0.00973731209
6.921875;-0.009594522843
6.92578125;-0.009446445658
6.9296875;-0.00929362384
6.93359375;-0.009136370559
6.9375;-0.008974688385
6.94140625;-0.008808834553
6.9453125;-0.008638965175
6.94921875;-0.008465408009
6.953125;-0.008289011917
6.95703125;-0.00811035883
6.9609375;-0.007929537376
6.96484375;-0.007746702585
6.96875;-0.007561855001
6.97265625;-0.007375079129
6.9765625;-0.007187048379
6.98046875;-0.006998394608
6.984375;-0.006809674094
6.98828125;-0.006621636454
6.9921875;-0.006434901039
6.99609375;-0.006250248114
 7;-0.006068812186
7.00390625;-0.005891482647
7.0078125;-0.005718777906
7.01171875;-0.005551092134
7.015625;-0.005388447278
7.01953125;-0.005230874726
7.0234375;-0.005078816277
7.02734375;-0.00493245517
7.03125;-0.004791716388
7.03515625;-0.004656640649
7.0390625;-0.00452716044
7.04296875;-0.004403299599
7.046875;-0.004285420867
7.05078125;-0.004173614903
7.0546875;-0.004067488202
7.05859375;-0.0039666481
7.0625;-0.003870547397
7.06640625;-0.003778685605
7.0703125;-0.003691063232
7.07421875;-0.003607651404
7.078125;-0.003528370939
7.08203125;-0.003453338043
7.0859375;-0.003382593707
7.08984375;-0.003316386741
7.09375;-0.003255364477
7.09765625;-0.003199911657
7.1015625;-0.003149953877
7.10546875;-0.003105284322
7.109375;-0.003065296132
7.11328125;-0.003029460006
7.1171875;-0.002997863797
7.12109375;-0.002970365654
7.125;-0.002946597374
7.12890625;-0.002926377531
7.1328125;-0.002909365092
7.13671875;-0.002895392838
7.140625;-0.002884766072
7.14453125;-0.002877540428
7.1484375;-0.002873357628
7.15234375;-0.00287192427
7.15625;-0.002872804579
7.16015625;-0.002875630891
7.1640625;-0.002880527792
7.16796875;-0.00288756564
7.171875;-0.002896726852
7.17578125;-0.002908181728
7.1796875;-0.002922044704
7.18359375;-0.002938572469
7.1875;-0.002958338317
7.19140625;-0.002981690384
7.1953125;-0.003008582193
7.19921875;-0.003038851614
7.203125;-0.003072008279
7.20703125;-0.003107539609
7.2109375;-0.003145298834
7.21484375;-0.003184876021
7.21875;-0.003225572588
7.22265625;-0.003266858453
7.2265625;-0.003308229052
7.23046875;-0.003349314671
7.234375;-0.003390153147
7.23828125;-0.003430555317
7.2421875;-0.003469802625
7.24609375;-0.003507263559
7.25;-0.003542262326
7.25390625;-0.003574128065
7.2578125;-0.003602645761
7.26171875;-0.003627543668
7.265625;-0.003648393668
7.26953125;-0.003665021008
7.2734375;-0.003677348743
7.27734375;-0.003685470041
7.28125;-0.00368985878
7.28515625;-0.003690815934
7.2890625;-0.003688201746
7.29296875;-0.003681847644
7.296875;-0.0036713716
7.30078125;-0.003656446523
7.3046875;-0.003637272769
7.30859375;-0.003613902087
7.3125;-0.003586190538
7.31640625;-0.00355417509
7.3203125;-0.0035178054
7.32421875;-0.003477160364
7.328125;-0.003432689176
7.33203125;-0.003384658429
7.3359375;-0.003333012589
7.33984375;-0.003277741802
7.34375;-0.003218720286
7.34765625;-0.00315591292
7.3515625;-0.003089736762
7.35546875;-0.003020607832
7.359375;-0.002948935907
7.36328125;-0.002875278291
7.3671875;-0.002800082321
7.37109375;-0.002723943371
7.375;-0.002647738613
7.37890625;-0.002572143256
7.3828125;-0.002497534617
7.38671875;-0.00242416658
7.390625;-0.002351958324
7.39453125;-0.002280836492
7.3984375;-0.002211068126
7.40234375;-0.002142685112
7.40625;-0.002075488752
7.41015625;-0.002009383187
7.4140625;-0.001944195738
7.41796875;-0.001879839979
7.421875;-0.001816535911
7.42578125;-0.001754255927
7.4296875;-0.001692512924
7.43359375;-0.001630822188
7.4375;-0.001568565765
7.44140625;-0.001505190124
7.4453125;-0.001440651059
7.44921875;-0.001374906923
7.453125;-0.001307904687
7.45703125;-0.001239804099
7.4609375;-0.001170707005
7.46484375;-0.001100957966
7.46875;-0.001031331467
7.47265625;-0.0009623475795
7.4765625;-0.0008940672398
7.48046875;-0.0008264244568
7.484375;-0.0007589450001
7.48828125;-0.0006912642679
7.4921875;-0.0006237003888
7.49609375;-0.0005563517001
7.5;-0.0004891043239
7.50390625;-0.0004220251732
7.5078125;-0.0003549580215
7.51171875;-0.0002879116665
7.515625;-0.0002213582787
7.51953125;-0.0001554871821
7.5234375;-9.007424256e-005
7.52734375;-2.491280426e-005
7.53125;4.041946629e-005
7.53515625;0.0001062397683
7.5390625;0.000172298276
7.54296875;0.0002383808861
7.546875;0.000304296755
7.55078125;0.0003696985067
7.5546875;0.0004344311158
7.55859375;0.000498171284
7.5625;0.0005602561442
7.56640625;0.0006202595502
7.5703125;0.0006780605337
7.57421875;0.0007336605055
7.578125;0.0007874339907
7.58203125;0.0008397104884
7.5859375;0.000890401425
7.58984375;0.0009396400034
7.59375;0.0009877558362
7.59765625;0.001034959891
7.6015625;0.001081580978
7.60546875;0.001127831872
7.609375;0.001173582214
7.61328125;0.001218927281
7.6171875;0.001264351304
7.62109375;0.001310308096
7.625;0.001357372219
7.62890625;0.001406060032
7.6328125;0.001456444723
7.63671875;0.001508620172
7.640625;0.001562722281
7.64453125;0.001618695856
7.6484375;0.00167651248
7.65234375;0.001735957906
7.65625;0.001796467106
7.66015625;0.001857643584
7.6640625;0.001919414778
7.66796875;0.001981758881
7.671875;0.002044906868
7.67578125;0.002108993406
7.6796875;0.002173642337
7.68359375;0.002238603385
7.6875;0.002303753139
7.69140625;0.00236885062
7.6953125;0.002433850793
7.69921875;0.002498614911
7.703125;0.00256271976
7.70703125;0.002625942916
7.7109375;0.002688308651
7.71484375;0.002749869612
7.71875;0.002810876645
7.72265625;0.002871468339
7.7265625;0.002931347864
7.73046875;0.002990208793
7.734375;0.003047678659
7.73828125;0.003103310232
7.7421875;0.003156904614
7.74609375;0.00320811945
7.75;0.00325636738
7.75390625;0.003301239206
7.7578125;0.00334246554
7.76171875;0.003379885889
7.765625;0.00341365895
7.76953125;0.003443864532
7.7734375;0.003470255489
7.77734375;0.003492727008
7.78125;0.003511255719
7.78515625;0.003525782736
7.7890625;0.003536452793
7.79296875;0.00354335139
7.796875;0.003546375543
7.80078125;0.003545607017
7.8046875;0.003541335434
7.80859375;0.003533891924
7.8125;0.003523776382
7.81640625;0.003511403017
7.8203125;0.003496841223
7.82421875;0.003480145074
7.828125;0.003461300674
7.83203125;0.003440201087
7.8359375;0.003416885039
7.83984375;0.003391224302
7.84375;0.003362828598
7.84765625;0.003331476147
7.8515625;0.003297157572
7.85546875;0.003259961867
7.859375;0.003220275773
7.86328125;0.00317838693
7.8671875;0.003134156884
7.87109375;0.003087575466
7.875;0.003038720698
7.87890625;0.002987584091
7.8828125;0.002934350393
7.88671875;0.002879104505
7.890625;0.002821667349
7.89453125;0.002762037747
7.8984375;0.002700425372
7.90234375;0.002637048825
7.90625;0.002572286657
7.91015625;0.002506437361
7.9140625;0.002439455884
7.91796875;0.002371311257
7.921875;0.002301954688
7.92578125;0.002231258461
7.9296875;0.002159247063
7.93359375;0.002085835676
7.9375;0.002010737186
7.94140625;0.001933810366
7.9453125;0.001855073298
7.94921875;0.001774625735
7.953125;0.001692808916
7.95703125;0.001609923767
7.9609375;0.001526013002
7.96484375;0.001441249459
7.96875;0.001355908069
7.97265625;0.001270197852
7.9765625;0.001184416739
7.98046875;0.001098789391
7.984375;0.001013335515
7.98828125;0.0009282102357
7.9921875;0.0008437865452
7.99609375;0.0007604219429
 8;0.0006785530958
8.00390625;0.0005985780347
8.0078125;0.0005206336595
8.01171875;0.0004448697396
8.015625;0.0003714563373
8.01953125;0.0003004545533
8.0234375;0.0002319482493
8.02734375;0.0001659128171
8.03125;0.0001021204234
8.03515625;4.044044192e-005
8.0390625;-1.9076683e-005
8.04296875;-7.635180629e-005
8.046875;-0.0001311592518
8.05078125;-0.0001833308021
8.0546875;-0.0002329915684
8.05859375;-0.000280195569
8.0625;-0.0003249270246
8.06640625;-0.0003672445843
8.0703125;-0.0004071062299
8.07421875;-0.0004445329154
8.078125;-0.0004797203083
8.08203125;-0.0005127574216
8.0859375;-0.0005435951346
8.08984375;-0.0005721820347
8.09375;-0.0005983688774
8.09765625;-0.0006220719718
8.1015625;-0.0006434557208
8.10546875;-0.0006626927421
8.109375;-0.0006799890334
8.11328125;-0.0006956066782
8.1171875;-0.0007096935293
8.12109375;-0.0007224835572
8.125;-0.0007343570703
8.12890625;-0.0007455900084
8.1328125;-0.0007563514721
8.13671875;-0.0007667447442
8.140625;-0.0007766867603
8.14453125;-0.0007861267469
8.1484375;-0.0007952031952
8.15234375;-0.0008039543301
8.15625;-0.0008123423748
8.16015625;-0.0008203661217
8.1640625;-0.000827938643
8.16796875;-0.0008350157808
8.171875;-0.0008416895386
8.17578125;-0.0008479342463
8.1796875;-0.0008535506537
8.18359375;-0.0008583278246
8.1875;-0.0008619686996
8.19140625;-0.0008642244679
8.1953125;-0.0008650862037
8.19921875;-0.0008645551796
8.203125;-0.0008626586542
8.20703125;-0.0008595087526
8.2109375;-0.0008551572829
8.21484375;-0.0008497747374
8.21875;-0.0008437262137
8.22265625;-0.0008372627456
8.2265625;-0.0008304583324
8.23046875;-0.0008233265565
8.234375;-0.0008156857035
8.23828125;-0.0008074184261
8.2421875;-0.0007987195532
8.24609375;-0.0007896920643
8.25;-0.0007803630102
8.25390625;-0.0007708276279
8.2578125;-0.0007610510451
8.26171875;-0.0007510664121
8.265625;-0.0007410977952
8.26953125;-0.0007312371294
8.2734375;-0.0007214106758
8.27734375;-0.0007115343785
8.28125;-0.0007014046111
8.28515625;-0.0006908744543
8.2890625;-0.0006800545044
8.29296875;-0.0006690443632
8.296875;-0.0006579557216
8.30078125;-0.0006469534239
8.3046875;-0.0006360767934
8.30859375;-0.0006254428221
8.3125;-0.0006153153823
8.31640625;-0.0006058522279
8.3203125;-0.0005971071843
8.32421875;-0.0005890763794
8.328125;-0.0005815805329
8.33203125;-0.0005744762723
8.3359375;-0.00056780871
8.33984375;-0.0005615370017
8.34375;-0.0005555603245
8.34765625;-0.0005498124901
8.3515625;-0.0005441367666
8.35546875;-0.0005384194224
8.359375;-0.0005326739083
8.36328125;-0.0005268157057
8.3671875;-0.0005206295267
8.37109375;-0.000513896142
8.375;-0.0005063227415
8.37890625;-0.0004976583963
8.3828125;-0.0004878445632
8.38671875;-0.0004768271686
8.390625;-0.0004645704783
8.39453125;-0.0004511073385
8.3984375;-0.0004364253063
8.40234375;-0.0004206031019
8.40625;-0.000403870348
8.41015625;-0.0003863845647
8.4140625;-0.0003681933816
8.41796875;-0.0003493170232
8.421875;-0.0003296523364
8.42578125;-0.0003091559768
8.4296875;-0.0002880162646
8.43359375;-0.0002663751816
8.4375;-0.000244341884
8.44140625;-0.0002220614691
8.4453125;-0.0001995561966
8.44921875;-0.0001768819312
8.453125;-0.0001541988417
8.45703125;-0.000131572469
8.4609375;-0.0001089843561
8.46484375;-8.638112188e-005
8.46875;-6.359390698e-005
8.47265625;-4.051964425e-005
8.4765625;-1.725875937e-005
8.48046875;6.0727064e-006
8.484375;2.929445986e-005
8.48828125;5.221053027e-005
8.4921875;7.478382439e-005
8.49609375;9.690378899e-005
8.5;0.0001183503288
8.50390625;0.0001389847383
8.5078125;0.0001586940014
8.51171875;0.00017741948
8.515625;0.0001952621151
8.51953125;0.0002122647633
8.5234375;0.000228311098
8.52734375;0.0002433353276
8.53125;0.0002572763784
8.53515625;0.0002700713185
8.5390625;0.0002817883348
8.54296875;0.0002924706795
8.546875;0.0003020930237
8.55078125;0.0003107098729
8.5546875;0.0003184255681
8.55859375;0.0003253759426
8.5625;0.0003317908377
8.56640625;0.0003378452327
8.5703125;0.0003435635628
8.57421875;0.0003489521909
8.578125;0.0003539546688
8.58203125;0.0003584875456
8.5859375;0.000362561632
8.58984375;0.000366107468
8.59375;0.000368945644
8.59765625;0.0003709658386
8.6015625;0.00037211572
8.60546875;0.0003723877895
8.609375;0.0003719109307
8.61328125;0.0003707559869
8.6171875;0.0003688086108
8.62109375;0.0003660001873
8.625;0.0003622780155
8.62890625;0.0003575677076
8.6328125;0.0003519095673
8.63671875;0.00034530947
8.640625;0.0003376823784
8.64453125;0.0003290242387
8.6484375;0.0003193978242
8.65234375;0.0003088911078
8.65625;0.0002976859365
8.66015625;0.0002859187714
8.6640625;0.0002735759077
8.66796875;0.0002606427822
8.671875;0.0002470699298
8.67578125;0.0002327941311
8.6796875;0.0002178630811
8.68359375;0.0002022747023
8.6875;0.0001859466031
8.69140625;0.0001688576249
8.6953125;0.0001510142508
8.69921875;0.0001324602745
8.703125;0.0001133510674
8.70703125;9.380491153e-005
8.7109375;7.382763851e-005
8.71484375;5.346310382e-005
8.71875;3.276366571e-005
8.72265625;1.17748684e-005
8.7265625;-9.375368026e-006
8.73046875;-3.058064549e-005
8.734375;-5.179095802e-005
8.73828125;-7.290379807e-005
8.7421875;-9.377804528e-005
8.74609375;-0.0001142593329
8.75;-0.0001341374736
8.75390625;-0.0001532368677
8.7578125;-0.000171482703
8.76171875;-0.0001888099964
8.765625;-0.0002051876448
8.76953125;-0.000220609441
8.7734375;-0.0002350208763
8.77734375;-0.0002484202117
8.78125;-0.0002608810535
8.78515625;-0.0002724415221
8.7890625;-0.0002831074775
8.79296875;-0.0002928681648
8.796875;-0.0003016422127
8.80078125;-0.000309390214
8.8046875;-0.0003161933508
8.80859375;-0.0003221155094
8.8125;-0.0003272197912
8.81640625;-0.0003315818049
8.8203125;-0.0003352001314
8.82421875;-0.0003380910155
8.828125;-0.0003403171948
8.83203125;-0.0003418950136
8.8359375;-0.0003428153629
8.83984375;-0.0003430462205
8.84375;-0.0003424897972
8.84765625;-0.0003410912324
8.8515625;-0.0003389028983
8.85546875;-0.0003359927177
8.859375;-0.0003324784061
8.86328125;-0.0003284823821
8.8671875;-0.0003240341153
8.87109375;-0.0003192074012
8.875;-0.000314134351
8.87890625;-0.0003089016265
8.8828125;-0.0003035862271
8.88671875;-0.0002982301781
8.890625;-0.0002927800492
8.89453125;-0.0002872156509
8.8984375;-0.0002816051324
8.90234375;-0.0002759847215
8.90625;-0.0002703863412
8.91015625;-0.0002648427657
8.9140625;-0.0002593135872
8.91796875;-0.0002537735679
8.921875;-0.0002482387707
8.92578125;-0.0002426760658
8.9296875;-0.0002370150184
8.93359375;-0.0002311664431
8.9375;-0.000224986073
8.94140625;-0.0002183641103
8.9453125;-0.0002112896767
8.94921875;-0.0002037656522
8.953125;-0.0001958348455
8.95703125;-0.0001875620855
8.9609375;-0.0001789580681
8.96484375;-0.0001700891059
8.96875;-0.0001610982756
8.97265625;-0.0001520819775
8.9765625;-0.0001430894968
8.98046875;-0.0001341399904
8.984375;-0.0001251608537
8.98828125;-0.0001161178865
8.9921875;-0.0001071076688
8.99609375;-9.819392725e-005
 9;-8.942520006e-005
9.00390625;-8.086845576e-005
9.0078125;-7.251583877e-005
9.01171875;-6.438491587e-005
9.015625;-5.65609097e-005
9.01953125;-4.907223957e-005
9.0234375;-4.189509826e-005
9.02734375;-3.499049873e-005
9.03125;-2.825624996e-005
9.03515625;-2.162115949e-005
9.0390625;-1.512211451e-005
9.04296875;-8.796090762e-006
9.046875;-2.701508355e-006
9.05078125;3.090725237e-006
9.0546875;8.583941144e-006
9.05859375;1.374612575e-005
9.0625;1.848661864e-005
9.06640625;2.275930147e-005
9.0703125;2.654340832e-005
9.07421875;2.984510541e-005
9.078125;3.275043222e-005
9.08203125;3.532141947e-005
9.0859375;3.753936021e-005
9.08984375;3.941557668e-005
9.09375;4.097230329e-005
9.09765625;4.222531452e-005
9.1015625;4.324613395e-005
9.10546875;4.409077462e-005
9.109375;4.477220806e-005
9.11328125;4.534319759e-005
9.1171875;4.58916299e-005
9.12109375;4.651428651e-005
9.125;4.73475443e-005
9.12890625;4.850362185e-005
9.1328125;5.001765137e-005
9.13671875;5.191799491e-005
9.140625;5.421054534e-005
9.14453125;5.688032545e-005
9.1484375;5.994551627e-005
9.15234375;6.338411758e-005
9.15625;6.711518276e-005
9.16015625;7.108632029e-005
9.1640625;7.527567288e-005
9.16796875;7.967480448e-005
9.171875;8.433029549e-005
9.17578125;8.925813898e-005
9.1796875;9.43796783e-005
9.18359375;9.963173803e-005
9.1875;0.0001049553944
9.19140625;0.0001102826477
9.1953125;0.0001156068852
9.19921875;0.0001209097307
9.203125;0.0001261374142
9.20703125;0.0001312754605
9.2109375;0.0001363337936
9.21484375;0.0001413428222
9.21875;0.0001463875235
9.22265625;0.0001515212639
9.2265625;0.0001567132277
9.23046875;0.0001619227591
9.234375;0.0001670725077
9.23828125;0.0001720839381
9.2421875;0.0001769561168
9.24609375;0.0001816555589
9.25;0.0001861047263
9.25390625;0.0001902598684
9.2578125;0.0001940779476
9.26171875;0.0001975403011
9.265625;0.0002006985375
9.26953125;0.0002035750032
9.2734375;0.0002061243357
9.27734375;0.0002083191887
9.28125;0.0002101266333
9.28515625;0.0002115167115
9.2890625;0.0002125229906
9.29296875;0.0002131692963
9.296875;0.0002134552517
9.30078125;0.0002134130948
9.3046875;0.0002130860885
9.30859375;0.0002125338781
9.3125;0.0002118595114
9.31640625;0.0002111396129
9.3203125;0.0002103892428
9.32421875;0.0002096134067
9.328125;0.0002087835818
9.33203125;0.0002078634632
9.3359375;0.0002068627031
9.33984375;0.0002057562415
9.34375;0.0002044748825
9.34765625;0.0002029772955
9.3515625;0.000201238757
9.35546875;0.0001992539702
9.359375;0.0001970759792
9.36328125;0.000194730792
9.3671875;0.0001921681026
9.37109375;0.0001893546811
9.375;0.0001862592859
9.37890625;0.0001828441631
9.3828125;0.0001791237196
9.38671875;0.0001750987939
9.390625;0.0001707358602
9.39453125;0.0001660347918
9.3984375;0.0001610181901
9.40234375;0.0001557216037
9.40625;0.0001502223235
9.41015625;0.0001445768138
9.4140625;0.0001387794683
9.41796875;0.0001328228002
9.421875;0.0001266803828
9.42578125;0.000120322417
9.4296875;0.0001137701098
9.43359375;0.0001070231706
9.4375;0.0001000487466
9.44140625;9.283877999e-005
9.4453125;8.539130954e-005
9.44921875;7.772001583e-005
9.453125;6.988566091e-005
9.45703125;6.193097847e-005
9.4609375;5.385167482e-005
9.46484375;4.565700421e-005
9.46875;3.73554346e-005
9.47265625;2.895442688e-005
9.4765625;2.049969695e-005
9.48046875;1.202841753e-005
9.484375;3.557025483e-006
9.48828125;-4.877302092e-006
9.4921875;-1.322741632e-005
9.49609375;-2.143919742e-005
9.5;-2.94336858e-005
9.50390625;-3.714712383e-005
9.5078125;-4.455436525e-005
9.51171875;-5.163464954e-005
9.515625;-5.838358351e-005
9.51953125;-6.480404285e-005
9.5234375;-7.087567946e-005
9.52734375;-7.659846192e-005
9.53125;-8.199989997e-005
9.53515625;-8.709380601e-005
9.5390625;-9.18855389e-005
9.54296875;-9.637321775e-005
9.546875;-0.0001005265269
9.55078125;-0.0001043320179
9.5546875;-0.0001078207444
9.55859375;-0.0001110175241
9.5625;-0.0001139487448
9.56640625;-0.0001166440643
9.5703125;-0.0001191019969
9.57421875;-0.0001213273317
9.578125;-0.0001233408284
9.58203125;-0.0001251457223
9.5859375;-0.0001267375718
9.58984375;-0.0001281023441
9.59375;-0.0001292002608
9.59765625;-0.0001300075864
9.6015625;-0.0001305392572
9.60546875;-0.0001308157578
9.609375;-0.0001308767235
9.61328125;-0.000130762257
9.6171875;-0.0001304763885
9.62109375;-0.0001300390671
9.625;-0.0001294907244
9.62890625;-0.0001288559491
9.6328125;-0.0001281589033
9.63671875;-0.0001274116709
9.640625;-0.0001265925319
9.64453125;-0.0001256931549
9.6484375;-0.000124736782
9.65234375;-0.0001237371155
9.65625;-0.0001227092833
9.66015625;-0.0001216676686
9.6640625;-0.0001205982901
9.66796875;-0.0001194923162
9.671875;-0.0001183537386
9.67578125;-0.0001171703969
9.6796875;-0.0001159218041
9.68359375;-0.0001145802562
9.6875;-0.0001130980078
9.69140625;-0.0001114399179
9.6953125;-0.0001096026773
9.69921875;-0.0001075879802
9.703125;-0.0001054129319
9.70703125;-0.0001031002384
9.7109375;-0.0001006520688
9.71484375;-9.808867097e-005
9.71875;-9.545411619e-005
9.72265625;-9.277789463e-005
9.7265625;-9.007783432e-005
9.73046875;-8.736196858e-005
9.734375;-8.460855405e-005
9.73828125;-8.180915159e-005
9.7421875;-7.899618131e-005
9.74609375;-7.619246445e-005
9.75;-7.341799505e-005
9.75390625;-7.069738231e-005
9.7578125;-6.802958415e-005
9.76171875;-6.542112181e-005
9.765625;-6.289818128e-005
9.76953125;-6.046913016e-005
9.7734375;-5.812812796e-005
9.77734375;-5.586339268e-005
9.78125;-5.364199096e-005
9.78515625;-5.144140636e-005
9.7890625;-4.927260993e-005
9.79296875;-4.714707195e-005
9.796875;-4.508472234e-005
9.80078125;-4.310818598e-005
9.8046875;-4.121454361e-005
9.80859375;-3.941206571e-005
9.8125;-3.772677272e-005
9.81640625;-3.617103641e-005
9.8203125;-3.475179518e-005
9.82421875;-3.346751441e-005
9.828125;-3.229148788e-005
9.83203125;-3.120557431e-005
9.8359375;-3.021667109e-005
9.83984375;-2.932336553e-005
9.84375;-2.852284188e-005
9.84765625;-2.781322212e-005
9.8515625;-2.717318518e-005
9.85546875;-2.658581544e-005
9.859375;-2.604597521e-005
9.86328125;-2.55366009e-005
9.8671875;-2.503268311e-005
9.87109375;-2.450554689e-005
9.875;-2.391326467e-005
9.87890625;-2.322208655e-005
9.8828125;-2.242106518e-005
9.88671875;-2.150186649e-005
9.890625;-2.046485996e-005
9.89453125;-1.931557465e-005
9.8984375;-1.80474878e-005
9.90234375;-1.666636076e-005
9.90625;-1.519505033e-005
9.91015625;-1.364800067e-005
9.9140625;-1.20326152e-005
9.91796875;-1.035196531e-005
9.921875;-8.592089056e-006
9.92578125;-6.748904421e-006
9.9296875;-4.84630055e-006
9.93359375;-2.90400113e-006
9.9375;-9.417125555e-007
9.94140625;1.019010384e-006
9.9453125;2.976409729e-006
9.94921875;4.925563537e-006
9.953125;6.852127153e-006
9.95703125;8.753525157e-006
9.9609375;1.063306199e-005
9.96484375;1.25010142e-005
9.96875;1.438488123e-005
9.97265625;1.630225111e-005
9.9765625;1.824580396e-005
9.98046875;2.020493454e-005
9.984375;2.215685829e-005
9.98828125;2.407925136e-005
9.9921875;2.597453458e-005
9.99609375;2.783527268e-005
10;2.964123129e-005
10.00390625;3.138203761e-005
10.0078125;3.304578713e-005
10.01171875;3.462784033e-005
10.015625;3.614463065e-005
10.01953125;3.760303437e-005
10.0234375;3.898971473e-005
10.02734375;4.02958811e-005
10.03125;4.150958956e-005
10.03515625;4.262038424e-005
10.0390625;4.363802945e-005
10.04296875;4.456951525e-005
10.046875;4.541555448e-005
10.05078125;4.618607974e-005
10.0546875;4.689206267e-005
10.05859375;4.754975743e-005
10.0625;4.818876082e-005
10.06640625;4.883032285e-005
10.0703125;4.947829279e-005
10.07421875;5.013316208e-005
10.078125;5.078433534e-005
10.08203125;5.141972562e-005
10.0859375;5.204180062e-005
10.08984375;5.264290884e-005
10.09375;5.320321216e-005
10.09765625;5.371048771e-005
10.1015625;5.415537424e-005
10.10546875;5.453405511e-005
10.109375;5.485943198e-005
10.11328125;5.513606252e-005
10.1171875;5.534714826e-005
10.12109375;5.548015969e-005
10.125;5.552195936e-005
10.12890625;5.545841095e-005
10.1328125;5.529156489e-005
10.13671875;5.502013264e-005
10.140625;5.46344354e-005
10.14453125;5.413432159e-005
10.1484375;5.352470236e-005
10.15234375;5.281519997e-005
10.15625;5.202835946e-005
10.16015625;5.11803666e-005
10.1640625;5.02700366e-005
10.16796875;4.929531254e-005
10.171875;4.824746165e-005
10.17578125;4.711786978e-005
10.1796875;4.591446661e-005
10.18359375;4.463907132e-005
10.1875;4.328481111e-005
10.19140625;4.1851616e-005
10.1953125;4.033896448e-005
10.19921875;3.875078452e-005
10.203125;3.710446933e-005
10.20703125;3.541137284e-005
10.2109375;3.366972617e-005
10.21484375;3.188057559e-005
10.21875;3.00428897e-005
10.22265625;2.815648387e-005
10.2265625;2.623409772e-005
10.23046875;2.428662199e-005
10.234375;2.232085758e-005
10.23828125;2.034905236e-005
10.2421875;1.838332373e-005
10.24609375;1.643876162e-005
10.25;1.453848236e-005
10.25390625;1.27004652e-005
10.2578125;1.093262856e-005
10.26171875;9.240894507e-006
10.265625;7.624449025e-006
10.26953125;6.081635332e-006
10.2734375;4.619250332e-006
10.27734375;3.238179506e-006
10.28125;1.932353699e-006
10.28515625;6.991636e-007
10.2890625;-4.6405929e-007
10.29296875;-1.557752998e-006
10.296875;-2.574102676e-006
10.30078125;-3.510834833e-006
10.3046875;-4.377630516e-006
10.30859375;-5.183133841e-006
10.3125;-5.937943554e-006
10.31640625;-6.652534241e-006
10.3203125;-7.327038368e-006
10.32421875;-7.962824333e-006
10.328125;-8.564163941e-006
10.33203125;-9.130472039e-006
10.3359375;-9.660815905e-006
10.33984375;-1.015047999e-005
10.34375;-1.058642672e-005
10.34765625;-1.096078679e-005
10.3515625;-1.127633861e-005
10.35546875;-1.153799692e-005
10.359375;-1.175776994e-005
10.36328125;-1.194677686e-005
10.3671875;-1.210393867e-005
10.37109375;-1.223291945e-005
10.375;-1.234276184e-005
10.37890625;-1.243812881e-005
10.3828125;-1.252546294e-005
10.38671875;-1.26075473e-005
10.390625;-1.267709314e-005
10.39453125;-1.273149651e-005
10.3984375;-1.277717609e-005
10.40234375;-1.281852349e-005
10.40625;-1.286181088e-005
10.41015625;-1.291232492e-005
10.4140625;-1.296566664e-005
10.41796875;-1.301867858e-005
10.421875;-1.30708113e-005
10.42578125;-1.311716488e-005
10.4296875;-1.315252599e-005
10.43359375;-1.316898413e-005
10.4375;-1.315218987e-005
10.44140625;-1.309195963e-005
10.4453125;-1.298658832e-005
10.44921875;-1.283622369e-005
10.453125;-1.264673261e-005
10.45703125;-1.242474607e-005
10.4609375;-1.216978938e-005
10.46484375;-1.188656339e-005
10.46875;-1.158590983e-005
10.47265625;-1.12748092e-005
10.4765625;-1.095858685e-005
10.48046875;-1.06396731e-005
10.484375;-1.031195337e-005
10.48828125;-9.97350936e-006
10.4921875;-9.633393642e-006
10.49609375;-9.298385869e-006
10.5;-8.975413579e-006
10.50390625;-8.672109999e-006
10.5078125;-8.388145985e-006
10.51171875;-8.125079859e-006
10.515625;-7.889112144e-006
10.51953125;-7.681600838e-006
10.5234375;-7.501028328e-006
10.52734375;-7.343729449e-006
10.53125;-7.199689707e-006
10.53515625;-7.062087438e-006
10.5390625;-6.93309961e-006
10.54296875;-6.815299141e-006
10.546875;-6.714407278e-006
10.55078125;-6.636375516e-006
10.5546875;-6.579199771e-006
10.55859375;-6.544045379e-006
10.5625;-6.536705847e-006
10.56640625;-6.559321536e-006
10.5703125;-6.613525289e-006
10.57421875;-6.698542801e-006
10.578125;-6.806522077e-006
10.58203125;-6.932386772e-006
10.5859375;-7.077891112e-006
10.58984375;-7.242874714e-006
10.59375;-7.427540326e-006
10.59765625;-7.631960578e-006
10.6015625;-7.850115766e-006
10.60546875;-8.077074076e-006
10.609375;-8.310584851e-006
10.61328125;-8.545279924e-006
10.6171875;-8.774662205e-006
10.62109375;-8.990916589e-006
10.625;-9.182257756e-006
10.62890625;-9.339422239e-006
10.6328125;-9.459069699e-006
10.63671875;-9.538795355e-006
10.640625;-9.579242664e-006
10.64453125;-9.582050569e-006
10.6484375;-9.544950088e-006
10.65234375;-9.469043065e-006
10.65625;-9.359776957e-006
10.66015625;-9.220451532e-006
10.6640625;-9.053275629e-006
10.66796875;-8.859222706e-006
10.671875;-8.634584633e-006
10.67578125;-8.378556055e-006
10.6796875;-8.097640995e-006
10.68359375;-7.797436706e-006
10.6875;-7.484011106e-006
10.69140625;-7.163662046e-006
10.6953125;-6.837001649e-006
10.69921875;-6.505406154e-006
10.703125;-6.172394278e-006
10.70703125;-5.838412355e-006
10.7109375;-5.502882302e-006
10.71484375;-5.163145534e-006
10.71875;-4.811733923e-006
10.72265625;-4.444004337e-006
10.7265625;-4.061855554e-006
10.73046875;-3.668221536e-006
10.734375;-3.269715094e-006
10.73828125;-2.872609411e-006
10.7421875;-2.476181455e-006
10.74609375;-2.08241273e-006
10.75;-1.696601146e-006
10.75390625;-1.321416084e-006
10.7578125;-9.60289426e-007
10.76171875;-6.146127853e-007
10.765625;-2.799829947e-007
10.76953125;4.530504419e-008
10.7734375;3.575584705e-007
10.77734375;6.54243455e-007
10.78125;9.317747385e-007
10.78515625;1.187102783e-006
10.7890625;1.422858448e-006
10.79296875;1.640963862e-006
10.796875;1.841807073e-006
10.80078125;2.028268193e-006
10.8046875;2.203295359e-006
10.80859375;2.37137962e-006
10.8125;2.540742582e-006
10.81640625;2.717267227e-006
10.8203125;2.902149992e-006
10.82421875;3.095612786e-006
10.828125;3.294685021e-006
10.83203125;3.496083256e-006
10.8359375;3.700652197e-006
10.83984375;3.906449133e-006
10.84375;4.108250765e-006
10.84765625;4.302934885e-006
10.8515625;4.488062963e-006
10.85546875;4.662777543e-006
10.859375;4.830887693e-006
10.86328125;4.993885829e-006
10.8671875;5.147426894e-006
10.87109375;5.288345883e-006
10.875;5.413269499e-006
10.87890625;5.518521996e-006
10.8828125;5.604814289e-006
10.88671875;5.671862498e-006
10.890625;5.716988758e-006
10.89453125;5.740078329e-006
10.8984375;5.742382958e-006
10.90234375;5.726341587e-006
10.90625;5.697825264e-006
10.91015625;5.660955514e-006
10.9140625;5.615105163e-006
10.91796875;5.559396633e-006
10.921875;5.491166664e-006
10.92578125;5.407671391e-006
10.9296875;5.310463369e-006
10.93359375;5.199383173e-006
10.9375;5.071829407e-006
10.94140625;4.927082533e-006
10.9453125;4.76452646e-006
10.94921875;4.584783036e-006
10.953125;4.392183034e-006
10.95703125;4.189496993e-006
10.9609375;3.975858367e-006
10.96484375;3.751312667e-006
10.96875;3.51556537e-006
10.97265625;3.268379552e-006
10.9765625;3.012754674e-006
10.98046875;2.751065682e-006
10.984375;2.484274297e-006
10.98828125;2.2148899e-006
10.9921875;1.945809394e-006
10.99609375;1.680579354e-006
11;1.424789855e-006
11.00390625;1.182783747e-006
11.0078125;9.560904387e-007
11.01171875;7.458592653e-007
11.015625;5.517880571e-007
11.01953125;3.731965202e-007
11.0234375;2.114206268e-007
11.02734375;6.6286398e-008
11.03125;-6.43161525e-008
11.03515625;-1.814896804e-007
11.0390625;-2.859837328e-007
11.04296875;-3.779569398e-007
11.046875;-4.553843632e-007
11.05078125;-5.175488214e-007
11.0546875;-5.669141784e-007
11.05859375;-6.055211641e-007
11.0625;-6.356642514e-007
11.06640625;-6.597679604e-007
11.0703125;-6.778228479e-007
11.07421875;-6.902404929e-007
11.078125;-6.984699938e-007
11.08203125;-7.02676897e-007
11.0859375;-7.02614245e-007
11.08984375;-6.972503269e-007
11.09375;-6.835884053e-007
11.09765625;-6.598131232e-007
11.1015625;-6.268356164e-007
11.10546875;-5.859700155e-007
11.109375;-5.399961381e-007
11.11328125;-4.916286137e-007
11.1171875;-4.408308444e-007
11.12109375;-3.886941233e-007
11.125;-3.377159449e-007
11.12890625;-2.892809083e-007
11.1328125;-2.449230385e-007
11.13671875;-2.053159886e-007
11.140625;-1.687216879e-007
11.14453125;-1.34428009e-007
11.1484375;-1.039436753e-007
11.15234375;-7.818584988e-008
11.15625;-5.832873555e-008
11.16015625;-4.541104489e-008
11.1640625;-3.830677006e-008
11.16796875;-3.622238216e-008
11.171875;-3.914495617e-008
11.17578125;-4.596810296e-008
11.1796875;-5.524889284e-008
11.18359375;-6.497570077e-008
11.1875;-7.166350622e-008
11.19140625;-7.273197046e-008
11.1953125;-6.767423446e-008
11.19921875;-5.63360599e-008
11.203125;-3.972340716e-008
11.20703125;-1.910166195e-008
11.2109375;5.823858453e-009
11.21484375;3.416005743e-008
11.21875;6.351463379e-008
11.22265625;9.245352131e-008
11.2265625;1.201273594e-007
11.23046875;1.463652564e-007
11.234375;1.730050876e-007
11.23828125;2.009700019e-007
11.2421875;2.285735253e-007
11.24609375;2.547305823e-007
11.25;2.784449011e-007
11.25390625;2.984516552e-007
11.2578125;3.15188464e-007
11.26171875;3.285770457e-007
11.265625;3.372786996e-007
11.26953125;3.410692647e-007
11.2734375;3.405394426e-007
11.27734375;3.366409205e-007
11.28125;3.316641568e-007
11.28515625;3.272028275e-007
11.2890625;3.22730652e-007
11.29296875;3.176653107e-007
11.296875;3.108445183e-007
11.30078125;3.009092204e-007
11.3046875;2.880726827e-007
11.30859375;2.718041772e-007
11.3125;2.504234109e-007
11.31640625;2.231087898e-007
11.3203125;1.894093553e-007
11.32421875;1.494129475e-007
11.328125;1.048122943e-007
11.33203125;5.675782011e-008
11.3359375;4.781361134e-009
11.33984375;-5.103318085e-008
11.34375;-1.104742035e-007
11.34765625;-1.734630675e-007
11.3515625;-2.38799564e-007
11.35546875;-3.056303292e-007
11.359375;-3.739695771e-007
11.36328125;-4.430833481e-007
11.3671875;-5.116315722e-007
11.37109375;-5.781232631e-007
11.375;-6.403046428e-007
11.37890625;-6.963548327e-007
11.3828125;-7.458312174e-007
11.38671875;-7.883575857e-007
11.390625;-8.239074469e-007
11.39453125;-8.527984408e-007
11.3984375;-8.747192223e-007
11.40234375;-8.900151913e-007
11.40625;-9.000231993e-007
11.41015625;-9.055624799e-007
11.4140625;-9.06926829e-007
11.41796875;-9.041637006e-007
11.421875;-8.963593247e-007
11.42578125;-8.830765814e-007
11.4296875;-8.654127924e-007
11.43359375;-8.44163522e-007
11.4375;-8.200133691e-007
11.44140625;-7.938373917e-007
11.4453125;-7.655930341e-007
11.44921875;-7.354819642e-007
11.453125;-7.043791891e-007
11.45703125;-6.725381182e-007
11.4609375;-6.397512763e-007
11.46484375;-6.055711632e-007
11.46875;-5.687644223e-007
11.47265625;-5.285397128e-007
11.4765625;-4.853907403e-007
11.48046875;-4.399044148e-007
11.484375;-3.931026424e-007
11.48828125;-3.460900251e-007
11.4921875;-2.98934198e-007
11.49609375;-2.521702595e-007
11.5;-2.070169589e-007
11.50390625;-1.641872897e-007
11.5078125;-1.242736823e-007
11.51171875;-8.753234722e-008
11.515625;-5.322107008e-008
11.51953125;-2.097775863e-008
11.5234375;8.567665306e-009
11.52734375;3.508433527e-008
11.53125;5.824079323e-008
11.53515625;7.769610694e-008
11.5390625;9.393358405e-008
11.54296875;1.072733221e-007
11.546875;1.176125334e-007
11.55078125;1.253272118e-007
11.5546875;1.310616061e-007
11.55859375;1.356481476e-007
11.5625;1.40494465e-007
11.56640625;1.466746627e-007
11.5703125;1.543737371e-007
11.57421875;1.636754187e-007
11.578125;1.742872714e-007
11.58203125;1.857674057e-007
11.5859375;1.98247845e-007
11.58984375;2.113945136e-007
11.59375;2.24237654e-007
11.59765625;2.362077669e-007
11.6015625;2.470486279e-007
11.60546875;2.567629683e-007
11.609375;2.661459633e-007
11.61328125;2.756522687e-007
11.6171875;2.84675264e-007
11.62109375;2.928684203e-007
11.625;2.999655416e-007
11.62890625;3.055643504e-007
11.6328125;3.09900656e-007
11.63671875;3.129932302e-007
11.640625;3.143172604e-007
11.64453125;3.137938549e-007
11.6484375;3.117149985e-007
11.65234375;3.084881668e-007
11.65625;3.0502618e-007
11.66015625;3.019799811e-007
11.6640625;2.991487005e-007
11.66796875;2.963219482e-007
11.671875;2.930992232e-007
11.67578125;2.889747439e-007
11.6796875;2.84016826e-007
11.68359375;2.780021117e-007
11.6875;2.702377291e-007
11.69140625;2.603676998e-007
11.6953125;2.482195858e-007
11.69921875;2.338209786e-007
11.703125;2.178143528e-007
11.70703125;2.006410219e-007
11.7109375;1.820978509e-007
11.71484375;1.622055518e-007
11.71875;1.410585022e-007
11.72265625;1.186745279e-007
11.7265625;9.547164705e-008
11.73046875;7.171854889e-008
11.734375;4.731229432e-008
11.73828125;2.243898352e-008
11.7421875;-2.446531326e-009
11.74609375;-2.685403308e-008
11.75;-5.001965105e-008
11.75390625;-7.13224571e-008
11.7578125;-9.065884631e-008
11.76171875;-1.079236547e-007
11.765625;-1.230907455e-007
11.76953125;-1.36272254e-007
11.7734375;-1.473726815e-007
11.77734375;-1.565174772e-007
11.78125;-1.641916233e-007
11.78515625;-1.706851676e-007
11.7890625;-1.760658734e-007
11.79296875;-1.803157001e-007
11.796875;-1.830788234e-007
11.80078125;-1.841453158e-007
11.8046875;-1.838353719e-007
11.80859375;-1.823452586e-007
11.8125;-1.798022281e-007
11.81640625;-1.76422838e-007
11.8203125;-1.721514111e-007
11.82421875;-1.670340969e-007
11.828125;-1.61389935e-007
11.83203125;-1.553296321e-007
11.8359375;-1.48768182e-007
11.83984375;-1.415749028e-007
11.84375;-1.333896221e-007
11.84765625;-1.239774788e-007
11.8515625;-1.135249253e-007
11.85546875;-1.022275324e-007
11.859375;-9.03695416e-008
11.86328125;-7.82915465e-008
11.8671875;-6.606009843e-008
11.87109375;-5.388335618e-008
11.875;-4.219987631e-008
11.87890625;-3.128446701e-008
11.8828125;-2.131961422e-008
11.88671875;-1.2389785e-008
11.890625;-4.278893709e-009
11.89453125;3.13447614e-009
11.8984375;9.660777195e-009
11.90234375;1.522373453e-008
11.90625;1.978870105e-008
11.91015625;2.329415267e-008
11.9140625;2.588844236e-008
11.91796875;2.766056934e-008
11.921875;2.853480062e-008
11.92578125;2.859055247e-008
11.9296875;2.804894731e-008
11.93359375;2.716874134e-008
11.9375;2.636462908e-008
11.94140625;2.596732177e-008
11.9453125;2.602042747e-008
11.94921875;2.655248007e-008
11.953125;2.752011664e-008
11.95703125;2.881134641e-008
11.9609375;3.045261132e-008
11.96484375;3.233277875e-008
11.96875;3.413176891e-008
11.97265625;3.565894903e-008
11.9765625;3.686564092e-008
11.98046875;3.777769523e-008
11.984375;3.865662658e-008
11.98828125;3.967523039e-008
11.9921875;4.067223668e-008
11.99609375;4.157835434e-008
12;4.237669161e-008
12.00390625;4.298991296e-008
12.0078125;4.35066231e-008
12.01171875;4.394024476e-008
12.015625;4.411030133e-008
12.01953125;4.397322289e-008
12.0234375;4.363045089e-008
12.02734375;4.319914515e-008
12.03125;4.293096562e-008
12.03515625;4.30080766e-008
12.0390625;4.334687466e-008
12.04296875;4.386935539e-008
12.046875;4.446755456e-008
12.05078125;4.498207279e-008
12.0546875;4.539198626e-008
12.05859375;4.558985409e-008
12.0625;4.531587394e-008
12.06640625;4.441592462e-008
12.0703125;4.282858385e-008
12.07421875;4.055062173e-008
12.078125;3.776027315e-008
12.08203125;3.459048556e-008
12.0859375;3.097607863e-008
12.08984375;2.69347833e-008
12.09375;2.253608565e-008
12.09765625;1.780929701e-008
12.1015625;1.287317701e-008
12.10546875;7.794189614e-009
12.109375;2.500987798e-009
12.11328125;-2.984059728e-009
12.1171875;-8.5133154e-009
12.12109375;-1.394276041e-008
12.125;-1.906019122e-008
12.12890625;-2.3684082e-008
12.1328125;-2.780192783e-008
12.13671875;-3.138981979e-008
12.140625;-3.44171147e-008
12.14453125;-3.691238147e-008
12.1484375;-3.886820357e-008
12.15234375;-4.034157685e-008
12.15625;-4.151041016e-008
12.16015625;-4.248729144e-008
12.1640625;-4.328182364e-008
12.16796875;-4.387996558e-008
12.171875;-4.416795007e-008
12.17578125;-4.406512799e-008
12.1796875;-4.366092139e-008
12.18359375;-4.29965956e-008
12.1875;-4.207070305e-008
12.19140625;-4.092191444e-008
12.1953125;-3.952458914e-008
12.19921875;-3.788941713e-008
12.203125;-3.612988247e-008
12.20703125;-3.429280143e-008
12.2109375;-3.233949617e-008
12.21484375;-3.022912596e-008
12.21875;-2.786193903e-008
12.22265625;-2.51672943e-008
12.2265625;-2.220701708e-008
12.23046875;-1.90372577e-008
12.234375;-1.57189288e-008
12.23828125;-1.234132426e-008
12.2421875;-8.931865529e-009
12.24609375;-5.556889131e-009
12.25;-2.357275711e-009
12.25390625;5.758035848e-010
12.2578125;3.19797545e-009
12.26171875;5.489396998e-009
12.265625;7.512183222e-009
12.26953125;9.308232982e-009
12.2734375;1.082648764e-008
12.27734375;1.205366497e-008
12.28125;1.300105578e-008
12.28515625;1.366436506e-008
12.2890625;1.408668124e-008
12.29296875;1.429151105e-008
12.296875;1.424480508e-008
12.30078125;1.395815535e-008
12.3046875;1.349883282e-008
12.30859375;1.293831563e-008
12.3125;1.238595756e-008
12.31640625;1.193281097e-008
12.3203125;1.158613642e-008
12.32421875;1.135394573e-008
12.328125;1.123695029e-008
12.33203125;1.121075355e-008
12.3359375;1.127922984e-008
12.33984375;1.141043354e-008
12.34375;1.151152837e-008
12.34765625;1.15260617e-008
12.3515625;1.144689793e-008
12.35546875;1.128479776e-008
12.359375;1.111135211e-008
12.36328125;1.097781473e-008
12.3671875;1.084315324e-008
12.37109375;1.069342e-008
12.375;1.053499666e-008
12.37890625;1.035437614e-008
12.3828125;1.017727351e-008
12.38671875;1.000838585e-008
12.390625;9.795775484e-009
12.39453125;9.524834176e-009
12.3984375;9.226338664e-009
12.40234375;8.932450589e-009
12.40625;8.708599365e-009
12.41015625;8.603688404e-009
12.4140625;8.594066773e-009
12.41796875;8.659330992e-009
12.421875;8.776065796e-009
12.42578125;8.904472085e-009
12.4296875;9.037195922e-009
12.43359375;9.144590535e-009
12.4375;9.155047896e-009
12.44140625;9.024912001e-009
12.4453125;8.738818658e-009
12.44921875;8.295398676e-009
12.453125;7.739307075e-009
12.45703125;7.10451091e-009
12.4609375;6.372112056e-009
12.46484375;5.545463074e-009
12.46875;4.643569936e-009
12.47265625;3.673267049e-009
12.4765625;2.662294816e-009
12.48046875;1.62419353e-009
12.484375;5.345878316e-010
12.48828125;-6.06558667e-010
12.4921875;-1.764423311e-009
12.49609375;-2.906492906e-009
12.5;-3.983881699e-009
12.50390625;-4.954247837e-009
12.5078125;-5.818450759e-009
12.51171875;-6.572941872e-009
12.515625;-7.209272635e-009
12.51953125;-7.734766188e-009
12.5234375;-8.149417379e-009
12.52734375;-8.468204573e-009
12.53125;-8.736345728e-009
12.53515625;-8.982444115e-009
12.5390625;-9.207354844e-009
12.54296875;-9.406421376e-009
12.546875;-9.551034407e-009
12.55078125;-9.619236464e-009
12.5546875;-9.630009323e-009
12.55859375;-9.589589859e-009
12.5625;-9.491870224e-009
12.56640625;-9.341703703e-009
12.5703125;-9.131015078e-009
12.57421875;-8.861201996e-009
12.578125;-8.560462592e-009
12.58203125;-8.241163473e-009
12.5859375;-7.892797817e-009
12.58984375;-7.506203918e-009
12.59375;-7.060188667e-009
12.59765625;-6.538934974e-009
12.6015625;-5.957275026e-009
12.60546875;-5.327313087e-009
12.609375;-4.658837247e-009
12.61328125;-3.969791409e-009
12.6171875;-3.267456172e-009
12.62109375;-2.567254614e-009
12.625;-1.902110421e-009
12.62890625;-1.293796933e-009
12.6328125;-7.507287717e-010
12.63671875;-2.766910032e-010
12.640625;1.414213608e-010
12.64453125;5.135213701e-010
12.6484375;8.289801593e-010
12.65234375;1.086166913e-009
12.65625;1.290831062e-009
12.66015625;1.443974826e-009
12.6640625;1.554438294e-009
12.66796875;1.626343734e-009
12.671875;1.649626058e-009
12.67578125;1.624125426e-009
12.6796875;1.564180224e-009
12.68359375;1.483790126e-009
12.6875;1.403762924e-009
12.69140625;1.342123267e-009
12.6953125;1.298963841e-009
12.69921875;1.275565632e-009
12.703125;1.274224513e-009
12.70703125;1.290971044e-009
12.7109375;1.325712571e-009
12.71484375;1.371560864e-009
12.71875;1.408687404e-009
12.72265625;1.424828086e-009
12.7265625;1.419736548e-009
12.73046875;1.396318433e-009
12.734375;1.369043323e-009
12.73828125;1.349149229e-009
12.7421875;1.329261686e-009
12.74609375;1.307907589e-009
12.75;1.288965385e-009
12.75390625;1.27155394e-009
12.7578125;1.261186417e-009
12.76171875;1.258943131e-009
12.765625;1.253616432e-009
12.76953125;1.241377294e-009
12.7734375;1.228750397e-009
12.77734375;1.221713582e-009
12.78125;1.231927243e-009
12.78515625;1.268364274e-009
12.7890625;1.325643564e-009
12.79296875;1.399476113e-009
12.796875;1.486318508e-009
12.80078125;1.578681782e-009
12.8046875;1.67391506e-009
12.80859375;1.765248522e-009
12.8125;1.837451548e-009
12.81640625;1.880756917e-009
12.8203125;1.892222939e-009
12.82421875;1.871373513e-009
12.828125;1.826192059e-009
12.83203125;1.763205979e-009
12.8359375;1.67875407e-009
12.83984375;1.573880559e-009
12.84375;1.45363842e-009
12.84765625;1.320173319e-009
12.8515625;1.178515054e-009
12.85546875;1.030797151e-009
12.859375;8.711368665e-010
12.86328125;6.984384963e-010
12.8671875;5.19624968e-010
12.87109375;3.406918174e-010
12.875;1.702258853e-010
12.87890625;1.601640441e-011
12.8828125;-1.226602913e-010
12.88671875;-2.453160476e-010
12.890625;-3.494948217e-010
12.89453125;-4.362608037e-010
12.8984375;-5.06181563e-010
12.90234375;-5.625172844e-010
12.90625;-6.145639911e-010
12.91015625;-6.683242076e-010
12.9140625;-7.234826296e-010
12.91796875;-7.788007882e-010
12.921875;-8.286969752e-010
12.92578125;-8.684634986e-010
12.9296875;-9.012996118e-010
12.93359375;-9.277057642e-010
12.9375;-9.451898202e-010
12.94140625;-9.537128226e-010
12.9453125;-9.514174715e-010
12.94921875;-9.383697791e-010
12.953125;-9.202396893e-010
12.95703125;-8.996529785e-010
12.9609375;-8.741700641e-010
12.96484375;-8.419709093e-010
12.96875;-7.993427106e-010
12.97265625;-7.432923603e-010
12.9765625;-6.766627147e-010
12.98046875;-6.015300729e-010
12.984375;-5.188511186e-010
12.98828125;-4.314509682e-010
12.9921875;-3.408421511e-010
12.99609375;-2.499238061e-010
13;-1.649899417e-010
13.00390625;-9.02685919e-011
13.0078125;-2.692804109e-011
13.01171875;2.455599867e-011
13.015625;6.65495578e-011
13.01953125;1.010877623e-010
13.0234375;1.264348352e-010
13.02734375;1.426260744e-010
13.03125;1.514333572e-010
13.03515625;1.535138426e-010
13.0390625;1.504693555e-010
13.04296875;1.429748791e-010
13.046875;1.288358618e-010
13.05078125;1.076470024e-010
13.0546875;8.208195849e-011
13.05859375;5.452470254e-011
13.0625;2.832601488e-011
13.06640625;6.529454263e-012
13.0703125;-1.106579914e-011
13.07421875;-2.429043866e-011
13.078125;-3.23573221e-011
13.08203125;-3.578727323e-011
13.0859375;-3.481019622e-011
13.08984375;-3.07549144e-011
13.09375;-2.729704749e-011
13.09765625;-2.680225878e-011
13.1015625;-2.921641372e-011
13.10546875;-3.405240846e-011
13.109375;-3.900354266e-011
13.11328125;-4.218000243e-011
13.1171875;-4.490379567e-011
13.12109375;-4.743564327e-011
13.125;-4.891817077e-011
13.12890625;-4.940776618e-011
13.1328125;-4.805663827e-011
13.13671875;-4.476320006e-011
13.140625;-4.160837203e-011
13.14453125;-3.940412545e-011
13.1484375;-3.700528889e-011
13.15234375;-3.34202453e-011
13.15625;-2.67658605e-011
13.16015625;-1.553870067e-011
13.1640625;-6.896503454e-013
13.16796875;1.707248546e-011
13.171875;3.73142428e-011
13.17578125;5.889067287e-011
13.1796875;8.138925083e-011
13.18359375;1.037481434e-010
13.1875;1.234692702e-010
13.19140625;1.389506201e-010
13.1953125;1.497720724e-010
13.19921875;1.558666962e-010
13.203125;1.584916128e-010
13.20703125;1.586760804e-010
13.2109375;1.557629394e-010
13.21484375;1.498376505e-010
13.21875;1.416404166e-010
13.22265625;1.314365794e-010
13.2265625;1.199763471e-010
13.23046875;1.075590227e-010
13.234375;9.320709809e-011
13.23828125;7.670291143e-011
13.2421875;5.907565149e-011
13.24609375;4.121216372e-011
13.25;2.442544828e-011
13.25390625;9.89629238e-012
13.2578125;-2.535460463e-012
13.26171875;-1.283824886e-011
13.265625;-2.068169545e-011
13.26953125;-2.627190923e-011
13.2734375;-2.970328319e-011
13.27734375;-3.148392876e-011
13.28125;-3.305325195e-011
13.28515625;-3.534285032e-011
13.2890625;-3.833863523e-011
13.29296875;-4.18871488e-011
13.296875;-4.516390362e-011
13.30078125;-4.748681738e-011
13.3046875;-4.938156267e-011
13.30859375;-5.096754676e-011
13.3125;-5.19223581e-011
13.31640625;-5.228013748e-011
13.3203125;-5.17637092e-011
13.32421875;-5.037486736e-011
13.328125;-4.894251926e-011
13.33203125;-4.782470908e-011
13.3359375;-4.662930893e-011
13.33984375;-4.503438431e-011
13.34375;-4.240237168e-011
13.34765625;-3.821038283e-011
13.3515625;-3.281782987e-011
13.35546875;-2.646923382e-011
13.359375;-1.925986422e-011
13.36328125;-1.154394189e-011
13.3671875;-3.428452647e-012
13.37109375;4.772552644e-012
13.375;1.224265904e-011
13.37890625;1.846617621e-011
13.3828125;2.332914165e-011
13.38671875;2.681120721e-011
13.390625;2.9308552e-011
13.39453125;3.113859176e-011
13.3984375;3.205304908e-011
13.40234375;3.203070047e-011
13.40625;3.125182414e-011
13.41015625;2.975260811e-011
13.4140625;2.775874051e-011
13.41796875;2.536571111e-011
13.421875;2.228212991e-011
13.42578125;1.845746887e-011
13.4296875;1.420065425e-011
13.43359375;9.791538695e-012
13.4375;5.666215684e-012
13.44140625;2.204638115e-012
13.4453125;-6.353770646e-013
13.44921875;-2.847221229e-012
13.453125;-4.36426631e-012
13.45703125;-5.270257034e-012
13.4609375;-5.57331997e-012
13.46484375;-5.417093634e-012
13.46875;-5.230942629e-012
13.47265625;-5.286082755e-012
13.4765625;-5.594178174e-012
13.48046875;-6.117308051e-012
13.484375;-6.594348366e-012
13.48828125;-6.824492465e-012
13.4921875;-6.985021769e-012
13.49609375;-7.134861762e-012
13.5;-7.218821406e-012
13.50390625;-7.277734838e-012
13.5078125;-7.223901025e-012
13.51171875;-7.051193913e-012
13.515625;-6.992541925e-012
13.51953125;-7.132107598e-012
13.5234375;-7.347242215e-012
13.52734375;-7.520890472e-012
13.53125;-7.41786434e-012
13.53515625;-6.851905379e-012
13.5390625;-5.914974791e-012
13.54296875;-4.67308735e-012
13.546875;-3.174593655e-012
13.55078125;-1.535685178e-012
13.5546875;2.369899533e-013
13.55859375;2.06404205e-012
13.5625;3.709840303e-012
13.56640625;5.034939383e-012
13.5703125;6.00207682e-012
13.57421875;6.610031002e-012
13.578125;7.003137005e-012
13.58203125;7.286671572e-012
13.5859375;7.379637117e-012
13.58984375;7.267017254e-012
13.59375;6.979300889e-012
13.59765625;6.507967783e-012
13.6015625;5.925029803e-012
13.60546875;5.259117866e-012
13.609375;4.420866038e-012
13.61328125;3.395986947e-012
13.6171875;2.263222914e-012
13.62109375;1.096784223e-012
13.625;2.86958156e-014
13.62890625;-8.31856961e-013
13.6328125;-1.502770383e-012
13.63671875;-1.987443608e-012
13.640625;-2.279020833e-012
13.64453125;-2.409728057e-012
13.6484375;-2.376795566e-012
13.65234375;-2.2171069e-012
13.65625;-2.048515228e-012
13.66015625;-1.942994455e-012
13.6640625;-1.908133864e-012
13.66796875;-1.936514566e-012
13.671875;-1.954006024e-012
13.67578125;-1.906061325e-012
13.6796875;-1.842467002e-012
13.68359375;-1.78062277e-012
13.6875;-1.710377687e-012
13.69140625;-1.646354153e-012
13.6953125;-1.564077168e-012
13.69921875;-1.462070287e-012
13.703125;-1.403635422e-012
13.70703125;-1.411597229e-012
13.7109375;-1.455876693e-012
13.71484375;-1.507622347e-012
13.71875;-1.504895994e-012
13.72265625;-1.398664538e-012
13.7265625;-1.21230567e-012
13.73046875;-9.60953325e-013
13.734375;-6.542113532e-013
13.73828125;-3.186595435e-013
13.7421875;4.859791116e-014
13.74609375;4.326023515e-013
13.75;7.787966255e-013
13.75390625;1.056484462e-012
13.7578125;1.258776121e-012
13.76171875;1.386543458e-012
13.765625;1.475729492e-012
13.76953125;1.551780426e-012
13.7734375;1.594161463e-012
13.77734375;1.59705254e-012
13.78125;1.563803322e-012
13.78515625;1.489108699e-012
13.7890625;1.389419665e-012
13.79296875;1.271275413e-012
13.796875;1.114378759e-012
13.80078125;9.157189733e-013
13.8046875;6.908002477e-013
13.80859375;4.547685887e-013
13.8125;2.374947723e-013
13.81640625;6.286699333e-014
13.8203125;-7.356868907e-014
13.82421875;-1.730786812e-013
13.828125;-2.359788469e-013
13.83203125;-2.700767547e-013
13.8359375;-2.729778784e-013
13.83984375;-2.508044054e-013
13.84375;-2.266908745e-013
13.84765625;-2.140395623e-013
13.8515625;-2.148801964e-013
13.85546875;-2.280518555e-013
13.859375;-2.378774884e-013
13.86328125;-2.334872324e-013
13.8671875;-2.253947469e-013
13.87109375;-2.178596809e-013
13.875;-2.107234434e-013
13.87890625;-2.082215196e-013
13.8828125;-2.052139051e-013
13.88671875;-2.010765392e-013
13.890625;-2.075681375e-013
13.89453125;-2.283042632e-013
13.8984375;-2.576624879e-013
13.90234375;-2.89736521e-013
13.90625;-3.11255337e-013
13.91015625;-3.120017525e-013
13.9140625;-2.960621955e-013
13.91796875;-2.661535997e-013
13.921875;-2.248873722e-013
13.92578125;-1.777280278e-013
13.9296875;-1.232136589e-013
13.93359375;-6.36041163e-014
13.9375;-8.825482829e-015
13.94140625;3.588747267e-014
13.9453125;6.902353857e-014
13.94921875;9.075145579e-014
13.953125;1.084993144e-013
13.95703125;1.271770636e-013
13.9609375;1.425724325e-013
13.96484375;1.531132241e-013
13.96875;1.583605056e-013
13.97265625;1.564586088e-013
13.9765625;1.50498959e-013
13.98046875;1.416235847e-013
13.984375;1.260102724e-013
13.98828125;1.031405152e-013
13.9921875;7.53227629e-014
13.99609375;4.499912841e-014
14;1.777745591e-014
14.00390625;-2.084032467e-015
14.0078125;-1.558144341e-014
14.01171875;-2.31580514e-014
14.015625;-2.544407203e-014
14.01953125;-2.419825735e-014
14.0234375;-1.875897786e-014
14.02734375;-1.002874961e-014
14.03125;-1.884711198e-015
14.03515625;3.577562693e-015
14.0390625;5.871303598e-015
14.04296875;5.161107801e-015
14.046875;4.384610772e-015
14.05078125;5.51618999e-015
14.0546875;6.854333594e-015
14.05859375;7.777724023e-015
14.0625;8.246104822e-015
14.06640625;7.528778232e-015
14.0703125;6.653965959e-015
14.07421875;5.816624153e-015
14.078125;3.083806835e-015
14.08203125;-2.10856726e-015
14.0859375;-8.905425228e-015
14.08984375;-1.643082456e-014
14.09375;-2.255897722e-014
14.09765625;-2.566588691e-014
14.1015625;-2.640950286e-014
14.10546875;-2.516643591e-014
14.109375;-2.224367278e-014
14.11328125;-1.841864829e-014
14.1171875;-1.341034498e-014
14.12109375;-7.50495102e-015
14.125;-2.195395994e-015
14.12890625;1.752483045e-015
14.1328125;4.172578347e-015
14.13671875;5.12730978e-015
14.140625;5.759682131e-015
14.14453125;6.84819902e-015
14.1484375;7.795357174e-015
14.15234375;8.409739484e-015
14.15625;8.694649067e-015
14.16015625;8.408442664e-015
14.1640625;7.994457187e-015
14.16796875;7.585057919e-015
14.171875;6.53033021e-015
14.17578125;4.656286536e-015
14.1796875;2.232997588e-015
14.18359375;-4.915280974e-016
14.1875;-2.845289217e-015
14.19140625;-4.315869026e-015
14.1953125;-5.115769213e-015
14.19921875;-5.334832749e-015
14.203125;-5.004065413e-015
14.20703125;-4.326638251e-015
14.2109375;-3.222881195e-015
14.21484375;-1.785875455e-015
14.21875;-4.955136126e-016
14.22265625;3.923679293e-016
14.2265625;8.483255998e-016
14.23046875;8.968186162e-016
14.234375;8.692957034e-016
14.23828125;1.004792505e-015
14.2421875;1.123468063e-015
14.24609375;1.178152972e-015
14.25;1.211310861e-015
14.25390625;1.172093289e-015
14.2578125;1.179101327e-015
14.26171875;1.254474241e-015
14.265625;1.165817665e-015
14.26953125;8.265825809e-016
14.2734375;3.229634792e-016
14.27734375;-2.768676896e-016
14.28125;-7.90808281e-016
14.28515625;-1.072457107e-015
14.2890625;-1.202670433e-015
14.29296875;-1.215509272e-015
14.296875;-1.09988431e-015
14.30078125;-9.046845813e-016
14.3046875;-6.062055319e-016
14.30859375;-2.235813716e-016
14.3125;1.065902331e-016
14.31640625;3.126219649e-016
14.3203125;3.976343109e-016
14.32421875;3.723207532e-016
14.328125;3.250834955e-016
14.33203125;3.231825561e-016
14.3359375;3.182762328e-016
14.33984375;2.977260157e-016
14.34375;2.771403983e-016
14.34765625;2.451383667e-016
14.3515625;2.33831234e-016
14.35546875;2.512431132e-016
14.359375;2.376442055e-016
14.36328125;1.697221682e-016
14.3671875;6.700344815e-017
14.37109375;-5.804906549e-017
14.375;-1.65985608e-016
14.37890625;-2.24691824e-016
14.3828125;-2.554277892e-016
14.38671875;-2.661083916e-016
14.390625;-2.503387609e-016
14.39453125;-2.168629287e-016
14.3984375;-1.603829298e-016
14.40234375;-8.38677703e-017
14.40625;-1.68582838e-017
14.41015625;2.503887854e-017
14.4140625;4.401654693e-017
14.41796875;4.21129331e-017
14.421875;3.566818836e-017
14.42578125;3.79014042e-017
14.4296875;3.890691919e-017
14.43359375;3.62968211e-017
14.4375;3.484966061e-017
14.44140625;3.3204903e-017
14.4453125;3.699691477e-017
14.44921875;4.741870322e-017
14.453125;5.20337055e-017
14.45703125;4.540070215e-017
14.4609375;3.156409601e-017
14.46484375;1.27144283e-017
14.46875;-4.43776228e-018
14.47265625;-1.404483916e-017
14.4765625;-2.046143001e-017
14.48046875;-2.51891412e-017
14.484375;-2.605345112e-017
14.48828125;-2.403889e-017
14.4921875;-1.811627793e-017
14.49609375;-8.485725224e-018
14.5;-3.50459146e-019
14.50390625;3.559635976e-018
14.5078125;4.144779024e-018
14.51171875;1.935424738e-018
14.515625;-4.595096055e-019
14.51953125;-7.995415927e-019
14.5234375;-8.830919604e-019
14.52734375;-1.296993628e-018
14.53125;-1.254642616e-018
14.53515625;-1.060922471e-018
14.5390625;1.198352925e-019
14.54296875;2.513562599e-018
14.546875;4.171185148e-018
14.55078125;4.228348865e-018
14.5546875;3.237802516e-018
14.55859375;1.448633528e-018
14.5625;-1.694638675e-019
14.56640625;-7.845750292e-019
14.5703125;-1.100501475e-018
14.57421875;-1.390050253e-018
14.578125;-1.398882626e-018
14.58203125;-1.296347514e-018
14.5859375;-8.5732151e-019
14.58984375;-1.775730874e-021
14.59375;6.669303801e-019
14.59765625;8.785525521e-019
14.6015625;7.545355777e-019
14.60546875;3.431041824e-019
14.609375;-3.997376183e-020
14.61328125;-1.379413404e-019
14.6171875;-1.632014466e-019
14.62109375;-1.966669804e-019
14.625;-1.922115208e-019
14.62890625;-2.120958349e-019
14.6328125;-1.535456854e-019
14.63671875;2.922648992e-020
14.640625;1.683017704e-019
14.64453125;2.015937736e-019
14.6484375;1.605500303e-019
14.65234375;4.906010268e-020
14.65625;-4.639592555e-020
14.66015625;-6.03504898e-020
14.6640625;-5.424676366e-020
14.66796875;-5.09667866e-020
14.671875;-4.07480024e-020
14.67578125;-4.259197994e-020
14.6796875;-3.155835018e-020
14.68359375;6.230073868e-021
14.6875;3.513936794e-020
14.69140625;4.386009327e-020
14.6953125;3.794691946e-020
14.69921875;1.627160266e-020
14.703125;-2.992226778e-021
14.70703125;-6.579289172e-021
14.7109375;-6.327918383e-021
14.71484375;-6.210704235e-021
14.71875;-5.315084691e-021
14.72265625;-7.790317799e-021
14.7265625;-7.937161287e-021
14.73046875;-2.594243991e-021
14.734375;1.934748665e-021
14.73828125;4.014939885e-021
14.7421875;4.185104288e-021
14.74609375;1.665380934e-021
14.75;-5.049404544e-022
14.75390625;-3.165256837e-022
14.7578125;1.000062347e-022
14.76171875;1.883705053e-022
14.765625;2.287412207e-022
14.76953125;-3.699369503e-022
14.7734375;-7.210112738e-022
14.77734375;-2.735628367e-022
14.78125;1.001326668e-022
14.78515625;2.15991395e-022
14.7890625;2.337173333e-022
14.79296875;2.073695932e-023
14.796875;-1.452190683e-022
14.80078125;-6.19474324e-023
14.8046875;1.746755851e-023
14.80859375;2.881926714e-023
14.8125;3.893174461e-023
14.81640625;-7.673556314e-025
14.8203125;-3.425718908e-023
14.82421875;-9.467484495e-024
14.828125;9.030680603e-024
14.83203125;7.821758325e-024
14.8359375;8.013568006e-024
14.83984375;-1.21766628e-025
14.84375;-7.416449263e-024
14.84765625;-2.955868747e-024
14.8515625;8.896906519e-025
14.85546875;8.521198643e-025
14.859375;1.396732655e-024
14.86328125;5.6814894e-025
14.8671875;-6.734825737e-025
14.87109375;-2.816844239e-025
14.875;4.44428654e-026
14.87890625;-5.684692951e-026
14.8828125;6.800856774e-026
14.88671875;5.396352521e-026
14.890625;-3.992282868e-026
14.89453125;-1.921693099e-027
14.8984375;1.079758816e-026
14.90234375;-6.427495088e-027
14.90625;9.292941506e-028
14.91015625;1.784634265e-027
14.9140625;-1.695672365e-027
14.91796875;1.761893277e-028
14.921875;5.048509286e-028
14.92578125;-1.993681168e-028
14.9296875;-5.574128267e-029
14.93359375;4.32502019e-029
14.9375;-1.401707796e-030
14.94140625;-3.337160922e-030
14.9453125;5.804119884e-031
14.94921875; 0
14.953125; 0
14.95703125; 0
14.9609375; 0
14.96484375; 0
14.96875; 0
14.97265625; 0
14.9765625; 0
14.98046875; 0
14.984375; 0
14.98828125; 0
14.9921875; 0
14.99609375; 0
15; 0
